SSC (UR),20-59years
Aarons Pass,14
Abbotsbury,2449
Abbotsford (NSW),2808
Abercrombie,581
Abercrombie River,18
Aberdare,1283
Aberdeen (NSW),1046
Aberfoyle,46
Aberglasslyn,2996
Abermain,1245
Abernethy,180
Abington (NSW),4
Acacia Creek,21
Acacia Gardens,2263
Adaminaby,133
Adamstown,3512
Adamstown Heights,2533
Adelong,416
Adjungbilly,40
Afterlee,22
Agnes Banks,476
Airds,1384
Akolele,81
Albert,38
Albion Park,7001
Albion Park Rail,3470
Albury,2411
Aldavilla,815
Alectown,86
Alexandria,6535
Alfords Point,1775
Alfredtown,61
Alice,5
Alison (Central Coast - NSW),45
Alison (Dungog - NSW),34
Allambie Heights,3314
Allandale (NSW),40
Allawah,3616
Alleena,23
Allgomera,69
Allworth,80
Allynbrook,31
Alma Park,26
Alpine,62
Alstonvale,212
Alstonville,2291
Alumy Creek,40
Amaroo (NSW),20
Ambarvale,3950
Amosfield,7
Anabranch North,4
Anabranch South,21
Anambah,23
Ando,35
Anembo,33
Angledale,76
Angledool,29
Anglers Reach,28
Angourie,102
Anna Bay,1735
Annandale (NSW),5999
Annangrove,722
Appin (NSW),1466
Apple Tree Flat,19
Appleby,23
Appletree Flat,4
Apsley (NSW),39
Arable,7
Arakoon,187
Araluen (NSW),81
Aratula (NSW),0
Arcadia (NSW),666
Arcadia Vale,697
Ardglen,30
Arding,78
Ardlethan,218
Argalong,15
Argenton,701
Argents Hill,104
Argoon (NSW),6
Ariah Park,192
Arkell,17
Arkstone,7
Armatree,69
Armidale,12104
Arncliffe,6535
Arndell Park,15
Arrawarra,122
Arrawarra Headland,267
Artarmon,5907
Arthurville,16
Arumpo,22
Ashbury,1689
Ashby (NSW),132
Ashby Heights,119
Ashby Island,10
Ashcroft,1847
Ashfield (NSW),15522
Ashford (NSW),269
Ashley,203
Ashmont,1863
Ashtonfield,2442
Asquith,1735
Atholwood,34
Attunga,286
Auburn (NSW),23383
Auburn Vale,56
Austinmer,1298
Austral,1459
Austral Eden,79
Avalon Beach,4727
Avisford,13
Avoca (NSW),80
Avoca Beach,2250
Avon (NSW),0
Avondale (NSW),897
Avonside,62
Awaba,214
Aylmerton,102
Baan Baa,84
Babinda (NSW),0
Babyl Creek,8
Back Creek (Bland - NSW),32
Back Creek (Gwydir - NSW),6
Back Creek (Mid-Coast - NSW),3
Back Creek (Queanbeyan-Palerang Regional - NSW),10
Back Creek (Tenterfield - NSW),3
Back Creek (Tweed - NSW),11
Back Forest,45
Backmede,62
Backwater,6
Badgerys Creek,110
Badja,0
Baerami,28
Baerami Creek,28
Bagnoo,16
Bago,15
Bagotville,22
Bakers Creek (Mid-Coast - NSW),19
Bakers Creek (Nambucca - NSW),10
Bakers Creek (Uralla - NSW),5
Bakers Swamp,18
Balaclava (NSW),259
Balala,61
Balcolyn,455
Bald Blair,19
Bald Hills (NSW),116
Bald Nob,4
Bald Ridge,3
Baldersleigh,25
Baldry,38
Balfours Peak,15
Balgowlah,4333
Balgowlah Heights,1574
Balgownie,2695
Balickera,9
Balladoran,51
Ballalaba,7
Balldale,59
Ballengarra,45
Ballimore,96
Ballina,3540
Ballyroe,5
Balmain,6315
Balmain East,1099
Balmoral (Lake Macquarie - NSW),368
Balmoral (Wingecarribee - NSW),242
Balranald,630
Bamarang,12
Banda Banda,0
Bandon Grove,55
Bangadang,3
Bangalee (NSW),291
Bangalow,1011
Bangheet,20
Bango,49
Bangor (NSW),2748
Banksia,1881
Banksmeadow,14
Bankstown,18204
Bankstown Aerodrome,0
Bannaby,13
Bannister (NSW),56
Banoon,9
Banora Point,6673
Banyabba,23
Bar Beach,798
Bar Point,32
Bara,10
Baradine,317
Barangaroo,152
Barcoongere,0
Barden Ridge,2421
Bardia,991
Bardwell Park,1209
Bardwell Valley,1203
Barellan,244
Bargo,2162
Barham,573
Barigan,3
Barkers Vale,83
Barmedman,211
Barneys Reef,0
Barnsley,959
Barooga,821
Barraba,547
Barrack Heights,2961
Barrack Point,324
Barraganyatti,62
Barragga Bay,46
Barratta (NSW),3
Barren Grounds,0
Barrengarry,89
Barretts Creek,4
Barringella,12
Barrington (NSW),142
Barrington Tops,0
Barry (Blayney - NSW),99
Barry (Upper Hunter Shire - NSW),3
Barwang,40
Barwon,13
Baryulgil,54
Basin View,687
Bass Hill,4595
Bassendean (NSW),0
Batar Creek,36
Bateau Bay,5562
Batehaven,728
Batemans Bay,638
Bathampton,20
Bathurst,3894
Batlow,586
Baulkham Hills,19441
Baw Baw (NSW),124
Bawley Point,287
Baxters Ridge,0
Bayview (NSW),1299
Beacon Hill,3917
Beaconsfield (NSW),749
Bean Creek,40
Bearbong,25
Beaumont (NSW),60
Beaumont Hills,4939
Beckom,60
Bective,103
Bectric,27
Bedgerabong,74
Beechwood,277
Beecroft,4428
Beecroft Peninsula,0
Beelbangera,207
Beemunnel,8
Bega,2153
Beggan Beggan,51
Belanglo,17
Belbora,58
Belfield,3278
Belford,108
Belfrayden,13
Belgravia,55
Belimbla Park,305
Bell (NSW),14
Bella Vista,4432
Bellambi,2034
Bellangry,45
Bellata,156
Bellawongarah,48
Bellbird,1074
Bellbird Heights,402
Bellbrook,124
Bellevue Hill,5962
Bellimbopinni,51
Bellingen,1697
Bellmount Forest,57
Belltrees,16
Belmont (NSW),3316
Belmont North,3084
Belmont South,551
Belmore,7078
Belmore River,120
Beloka,13
Belowra,3
Belrose,3680
Bemboka,242
Ben Bullen,55
Ben Lomond (NSW),65
Benandarah,62
Bendalong,34
Bendemeer,228
Bendick Murrell,74
Bendolba,81
Bendoura,36
Benerembah,55
Bengalla,18
Bennetts Green,6
Benolong,20
Bensville,1326
Bentley (NSW),90
Berala,5348
Berambing,48
Beresfield,1595
Bergalia,82
Berkeley,3916
Berkeley Vale,4275
Berkshire Park,1562
Berlang,0
Bermagui,568
Berowra,2506
Berowra Creek,6
Berowra Heights,2638
Berowra Waters,45
Berrambool,193
Berrara,133
Berremangra,41
Berrico,11
Berridale,601
Berrigal,22
Berrigan,525
Berrilee,120
Berrima,299
Berringer Lake,11
Berry,972
Berry Jerry,33
Berry Mountain,0
Berry Park,69
Berthong,29
Beryl,54
Bethungra,87
Bevendale,21
Beverley Park,1265
Beverly Hills,5509
Bewong,39
Bexhill,247
Bexley,10281
Bexley North,2103
Biala,27
Bibbenluke,44
Biddon,57
Bidgeemia,17
Bidwill (NSW),2029
Bielsdown Hills,34
Big Hill (NSW),21
Big Jacks Creek,27
Big Ridge,10
Big Springs,52
Bigga,106
Bilambil,206
Bilambil Heights,1680
Bilbul,283
Bilgola Beach,108
Bilgola Plateau,1658
Billeroy,21
Billilingra,4
Billimari,67
Billinudgel,112
Billys Creek,26
Billywillinga,115
Bilpin,349
Bimberi,0
Bimbi,55
Bimbimbie,61
Binalong,258
Binda,103
Bindera,12
Bingara,513
Bingeebeebra Creek,17
Bingie,79
Bingleburra,12
Biniguy,79
Binjura,144
Binna Burra (NSW),111
Binnaway,238
Binya,61
Birchgrove,1795
Birdwood (NSW),23
Birganbigil,30
Birmingham Gardens,1542
Birriwa,17
Birrong,1676
Bishops Bridge,127
Bithramere,78
Black Creek (Port Macquarie-Hastings - NSW),21
Black Creek (Snowy Valleys - NSW),8
Black Head,271
Black Hill (NSW),264
Black Hollow,9
Black Mountain (NSW),148
Black Range (NSW),93
Black Springs (NSW),95
Blackalls Park,1317
Blackbutt (NSW),1736
Blackett,1668
Blackheath,2012
Blackmans Flat,13
Blackmans Point,84
Blacksmiths,845
Blacktown,26890
Blackville,60
Blackwall (NSW),930
Blair Athol (NSW),1631
Blairmount,231
Blakebrook,65
Blakehurst,3079
Blakney Creek,37
Bland,21
Blandford,90
Blaxland (NSW),3665
Blaxlands Creek,57
Blaxlands Ridge,267
Blayney,1622
Bligh Park,3704
Blighty,63
Blowering,0
Blue Bay,485
Blue Haven,3236
Blue Knob,122
Blue Mountains National Park,0
Blue Nobby,11
Blue Vale,31
Blueys Beach,59
Boambee,808
Boambee East,2535
Boambolo,36
Boat Harbour (Lismore - NSW),74
Boat Harbour (Port Stephens - NSW),471
Bobadah,4
Bobin,68
Bobs Creek,42
Bobs Farm,226
Bobundara,13
Boco,0
Bocoble,67
Bocobra,23
Bodalla,351
Bodangora,41
Boeill Creek,57
Bogan,10
Bogan Gate,116
Bogangar,1653
Bogee,40
Boggabilla,496
Boggabri,525
Bogong Peaks Wilderness,0
Bohena Creek,90
Bohnock,30
Bolaro,14
Bolivia,28
Bolong,50
Bolton Point,989
Bolwarra (NSW),465
Bolwarra Heights,1508
Bom Bom,0
Bomaderry,3054
Bombah Point,8
Bombala,619
Bombay,51
Bombira,167
Bombo,58
Bombowlee,120
Bombowlee Creek,29
Bomen,19
Bomera,16
Bonalbo,150
Bondi,7020
Bondi Beach,8783
Bondi Forest,0
Bondi Junction,6151
Bonnells Bay,1654
Bonnet Bay,1135
Bonny Hills,1308
Bonnyrigg,4716
Bonnyrigg Heights,4122
Bonshaw (NSW),51
Bonville,1180
Booerie Creek,84
Book Book,35
Booker Bay,564
Bookham,89
Bookookoorara,11
Bookram,0
Boolambayte,36
Boolaroo,577
Boolcarroll,5
Booligal,56
Boolijah,0
Boomanoomana,45
Boomerang Beach,140
Boomey,31
Boomi,101
Boomi Creek,4
Boona Mount,11
Boonal,26
Boonoo Boonoo,8
Boorabee Park,52
Booragul,558
Booral (NSW),210
Boorga,7
Boorganna,8
Boorolong,38
Boorook,12
Boorooma,563
Booroorban,26
Boorowa,716
Bootawa,86
Booti Booti,0
Booyong,45
Bora Ridge,56
Borah Creek,15
Borambola,56
Border Ranges,0
Boree,54
Boree Creek,88
Borenore,216
Boro,41
Bossley Park,7701
Bostobrick,66
Botany,6273
Botobolar,43
Bottle Creek,5
Bouddi,5
Bourbah,29
Bourke,1031
Bourkelands,1541
Bournda,93
Bournewood,22
Bow Bowing,939
Bowan Park,52
Bowen Mountain,851
Bowenfels,970
Bowling Alley Point,15
Bowman,54
Bowman Farm,20
Bowmans Creek,8
Bowna,52
Bowning,296
Bowral,3915
Bowraville,494
Box Head,0
Box Hill (NSW),453
Box Ridge,21
Boxers Creek,110
Boydtown,29
Bradbury (NSW),4471
Braefield,30
Braemar,238
Braemar Bay,5
Braidwood,729
Brandy Hill,357
Branxton,1015
Braunstone,140
Brawboy,16
Bray Park (NSW),366
Brays Creek,36
Brayton,83
Breadalbane (NSW),52
Breakfast Creek,25
Breakfast Point,2443
Bream Beach,7
Bredbo,185
Breelong,27
Breeza,82
Bretti,13
Brewarrina,648
Brewongle,50
Briarbrook,3
Bribbaree,65
Bridgman,111
Brierfield,162
Brighton-le-Sands,4773
Brightwaters,418
Bril Bril,0
Brimbin,21
Brindabella,3
Brinerville,0
Bringelly,1295
Bringenbrong,20
Brisbane Grove,71
Broadmeadow,944
Broadwater (Bega Valley - NSW),52
Broadwater (Richmond Valley - NSW),306
Broadway,24
Brobenah,8
Brocklehurst,183
Brocklesby,90
Brockley,20
Brodies Plains,23
Brogans Creek,7
Brogers Creek,15
Brogo,208
Broke (NSW),281
Broken Head,148
Broken Hill,8741
Brombin,64
Bronte,3994
Brookdale (NSW),8
Brookfield (NSW),102
Brooklana,22
Brooklet,123
Brooklyn (NSW),385
Brookong,0
Brookvale,2107
Brooman,19
Brooms Head,82
Broughams Gate,7
Broughton (NSW),43
Broughton Vale,57
Broughton Village,40
Broulee,684
Brownlow Hill,254
Browns Creek,63
Browns Mountain,9
Brownsville,268
Brucedale,87
Bruie Plains,17
Bruinbun,24
Brumby Plains,0
Brundee,23
Brungle,50
Brungle Creek,13
Brunkerville,99
Brunswick Heads,839
Brushgrove,84
Brushy Creek,16
Buangla,0
Bucca (NSW),283
Bucca Wauka,32
Buccarumbi,7
Buchanan (NSW),100
Buckajo,141
Buckaroo,58
Buckenbowra,8
Buckenderra,4
Buckendoon,25
Bucketty,82
Buckra Bendinni,52
Budawang,5
Buddabadah,21
Budden,3
Budderoo,0
Buddong,0
Budgee Budgee (NSW),95
Budgewoi,1619
Budgewoi Peninsula,0
Budgong,30
Buff Point,1655
Bugaldie,62
Bukalong,0
Bukkulla,69
Bulahdelah,620
Bulee,0
Bulga (NSW),175
Bulga Forest,0
Bulgary,6
Bulla (NSW),3
Bulla Creek,30
Bullaburra,634
Bullagreen,28
Bullarah,71
Bullatale,19
Bullawa Creek,43
Bulldog,16
Bulli,3155
Bulliac,15
Bullio,40
Bulyeroi,10
Bumbaldry,43
Bumbalong,12
Bundabah,47
Bundagen,72
Bundanoon (NSW),979
Bundarra,304
Bundeena,911
Bundella,25
Bundemar,17
Bundewallah,15
Bundook,59
Bundure,5
Bungaba,43
Bungabbee,0
Bungalora,34
Bungarby,38
Bungarribee,1614
Bungawalbin,70
Bungendore,2293
Bungonia,185
Bungowannah,73
Bungwahl,109
Bunnaloo,52
Bunnan,50
Bunyah,58
Bunyan,69
Burcher,40
Bureen,28
Burnt Bridge,83
Burnt Yards,11
Buronga,625
Burra (Queanbeyan-Palerang Regional - NSW),399
Burra (Snowy Valleys - NSW),25
Burra Creek,32
Burraboi,40
Burradoo,828
Burraga,38
Burragate,43
Burrandana,8
Burraneer,1778
Burrangong,113
Burrapine,27
Burrawang,142
Burrell Creek,101
Burren Junction,144
Burrier,34
Burrill Lake,623
Burringbar,455
Burrinjuck,5
Burroway,52
Burrumbuttock,172
Burrundulla,68
Burwood (NSW),11025
Burwood Heights,510
Busby,2170
Busbys Flat,12
Bushells Ridge,9
Buttaba,527
Buttai,34
Butterwick,70
Buxton (NSW),1090
Byabarra,169
Byadbo Wilderness,0
Byangum,58
Bylong,14
Byng,21
Byrock,27
Byron Bay,3171
Byrrill Creek,74
Bywong,673
Cabarita (NSW),877
Cabarita Beach,51
Cabbage Tree Island (Ballina - NSW),34
Cabbage Tree Island (Mid-Coast - NSW),3
Cabramatta,12285
Cabramatta West,3965
Cabramurra,22
Caddens,798
Cadgee (NSW),18
Cadia,0
Caffreys Flat,23
Cairncross,3
Calala,1917
Calamia,9
Calderwood,90
Caldwell,18
Calga,75
Califat,6
Calimo,35
Callaghan,797
Callaghans Creek,4
Callala Bay,992
Callala Beach,335
Calliope (NSW),55
Caloola,40
Cambalong,0
Camberwell (NSW),44
Cambewarra,118
Cambewarra Village,585
Camboon (NSW),11
Cambra,10
Cambridge Gardens,1081
Cambridge Park,3604
Cambridge Plateau,0
Camden,1595
Camden Head,57
Camden Park (NSW),1198
Camden South,2236
Camellia,0
Cameron Park,4393
Camerons Creek,27
Camira (NSW),16
Cammeray,4285
Camp Creek (NSW),12
Campbelltown (NSW),6837
Camperdown (NSW),7934
Campsie,15553
Campvale,23
Cams Wharf,64
Canada Bay,687
Canadian Lead,9
Canbelego,15
Candelo,336
Cangai,18
Caniaba,323
Canley Heights,6139
Canley Vale,5709
Canobolas,229
Canoelands,93
Canonba,12
Canowindra,994
Canterbury (NSW),4558
Canton Beach,398
Canyonleigh,191
Caparra,38
Capeen Creek,6
Capertee,71
Capoompeta,5
Captains Flat,348
Carabost,17
Caragabal,76
Carcalgong,29
Carcoar,118
Cardiff (NSW),3109
Cardiff Heights,669
Cardiff South,1524
Carey Bay,331
Cargo,288
Carinda,89
Caringbah,6520
Caringbah South,5836
Carlaminda,18
Carlingford,12857
Carlton (NSW),6212
Carnes Hill,1175
Carnham,3
Carool,75
Caroona,104
Carrabolla,6
Carrai,0
Carramar (NSW),1938
Carrathool,133
Carrick (NSW),70
Carrington (Mid-Coast - NSW),13
Carrington (Newcastle - NSW),1246
Carrington Falls,5
Carroll,176
Carrowbrook,17
Carrs Creek,57
Carrs Island,6
Carrs Peninsula,8
Carss Park,593
Cartwright,1219
Cartwrights Hill,95
Carwell,9
Carwoola,757
Cascade (NSW),0
Casino,4731
Cassilis (NSW),135
Castle Cove,1185
Castle Doyle,74
Castle Hill (NSW),19839
Castle Rock,91
Castlecrag,1381
Castlereagh,604
Casuarina (NSW),1453
Casula,8483
Catalina,892
Cataract,0
Cathcart (NSW),48
Catherine Field,879
Catherine Hill Bay,75
Cathundral,21
Cattai,385
Cattle Creek (NSW),21
Cavan (NSW),26
Caves Beach,1818
Cawdor (NSW),212
Cawongla,99
Cecil Hills,3982
Cecil Park,400
Cedar Brush Creek,59
Cedar Creek (Cessnock - NSW),16
Cedar Creek (Tweed - NSW),8
Cedar Party,140
Cedar Point,81
Cells River,0
Centennial Park (NSW),1619
Central Colo,17
Central Macdonald,25
Central Mangrove,144
Central Tilba,133
Cessnock,7607
Chaelundi,0
Chain Valley Bay,893
Chakola,25
Chambigne,24
Charbon,65
Charles Sturt University,239
Charlestown (NSW),6770
Charleys Forest,31
Charlotte Bay,80
Charlton (NSW),13
Charmhaven,1260
Chatham Valley,5
Chatsbury,49
Chatswood,15250
Chatswood West,732
Chatsworth (NSW),53
Cheero Point,51
Cheltenham (NSW),1142
Cherry Tree Hill,31
Cherrybrook,9620
Chester Hill,6644
Chichester (NSW),14
Chifley (NSW),1640
Chilcotts Creek,5
Chilcotts Grass,117
Chillingham,111
Chinderah,564
Chinnock,18
Chippendale,7316
Chipping Norton,4763
Chisholm (NSW),851
Chiswick,1817
Chittaway Bay,1045
Chittaway Point,485
Chowan Creek,17
Chullora,0
Church Point,452
Clandulla,81
Clare (NSW),14
Claremont Meadows,2747
Clarence,88
Clarence Town,1036
Clarendon (NSW),58
Clarenza,261
Clareville,293
Claymore,1216
Clear Creek,61
Clear Range,12
Clearfield,8
Clemton Park,763
Clergate,109
Cleveland (NSW),11
Clifden,21
Cliftleigh,414
Clifton (NSW),14
Clifton Grove,389
Clontarf (NSW),857
Clothiers Creek,146
Clouds Creek,0
Clovelly,2841
Clunes (NSW),430
Clybucca,72
Clyde (NSW),3
Clydesdale (NSW),42
Coal Point,803
Coalcliff,101
Coaldale,31
Coasters Retreat,16
Cobaki,107
Cobaki Lakes,23
Cobar,2147
Cobar Park,17
Cobargo,331
Cobark,12
Cobbadah,43
Cobbitty,1029
Cobramunga,16
Cockwhy,8
Codrington (NSW),32
Coffee Camp,99
Coffs Harbour,12361
Coggan,3
Cogra Bay,14
Coila,18
Coldstream (NSW),19
Coleambally,660
Colebee,1175
Coledale,661
Colinroobie,28
Colinton (NSW),75
Collarenebri,308
Collaroy (NSW),4365
Collaroy Plateau,2390
Collector,162
Collendina,47
Collerina,24
Collie (NSW),105
Collingullie,105
Collingwood (NSW),20
Collins Creek,62
Collombatti,306
Collum Collum,0
Colly Blue,10
Colo (Bathurst Regional - NSW),3
Colo (Hawkesbury - NSW),30
Colo Heights,172
Colo Vale,812
Colongra,0
Colyton,4579
Comara,11
Combaning,43
Combara,34
Comberton,13
Comboyne,197
Come By Chance,65
Comerong Island,8
Commissioners Creek,33
Como (NSW),2062
Comobella,33
Conargo,56
Concord,7614
Concord West,3089
Condell Park,6008
Condobolin,1661
Condong,151
Coneac,5
Congarinni,123
Congarinni North,163
Congewai,91
Congo,114
Conimbia,7
Coniston,1205
Conjola,77
Conjola Park,145
Connells Point,1398
Constitution Hill,2147
Coogee (NSW),10459
Cookamidgera,76
Cookardinia,31
Cooks Gap,275
Cooks Hill,2364
Cooks Myalls,24
Coolabah,37
Coolac,103
Coolagolite,123
Coolah,555
Coolamon,963
Coolangatta (NSW),160
Coolangubra,0
Coolatai,59
Cooleman,0
Cooleys Creek,5
Coolgardie (NSW),56
Coolongolook,188
Coolringdon,36
Coolumbooka,6
Coolumburra,0
Cooma (NSW),3272
Coomba Bay,54
Coomba Park,249
Coombadjha,16
Coombell,13
Coomealla,395
Coomoo Coomoo,5
Coonabarabran,1405
Coonamble,1299
Coongbar,0
Cooperabung,153
Coopernook,262
Coopers Gully,76
Coopers Shoot,129
Cooplacurripa,3
Coorabell,223
Cooranbong,2576
Cootamundra,2859
Cootralantra,47
Cooyal,55
Copacabana,1433
Cope,52
Copeland,26
Copeton,29
Copmanhurst,140
Coppabella (NSW),4
Copperhannia,6
Coraki,557
Coralville,72
Coramba,420
Corang,7
Corangula,9
Corbie Hill,118
Cordeaux,0
Cordeaux Heights,2555
Coree,21
Coreen,56
Corindi Beach,855
Corinella (NSW),34
Corlette,2168
Corndale (NSW),178
Corney Town,49
Cornwallis,30
Corobimilla,36
Corowa,2319
Corrabare,10
Corrimal,3334
Corrong,0
Corrowong,3
Corunna,28
Cottage Point,48
Cottonvale (NSW),6
Cougal,19
Countegany,12
Courabyra,33
Couradda,29
Couragago,3
Couridjah,149
Coutts Crossing,484
Cow Flat,29
Cowabbie,3
Cowan,332
Cowper,42
Cowra,4452
Coxs Creek,18
Coxs Crown,0
Crabbes Creek,168
Crackenback,110
Craigie (NSW),13
Cranebrook,8975
Crangan Bay,0
Craven,46
Craven Plateau,0
Crawford River,17
Crawney,23
Creewah,13
Cremorne (NSW),6814
Cremorne Point,1364
Crescent Head,728
Crestwood,2807
Cringila,1145
Croki,14
Cromer (NSW),3659
Cronulla,10866
Crooble,34
Croobyar,59
Crooked Corner,27
Crookwell,1150
Croom,64
Croppa Creek,61
Cross Roads (NSW),10
Crosslands,242
Croudace Bay,252
Crowdy Bay National Park,3
Crowdy Head,25
Crows Nest (NSW),3429
Crowther,29
Crowther Island,0
Croydon (NSW),5814
Croydon Park (NSW),6104
Crudine,23
Cryon,27
Crystal Creek (NSW),123
Cubba,13
Cudal,241
Cudgegong,24
Cudgel,13
Cudgen,432
Cudgera Creek,175
Cudmirrah,124
Culburra Beach,1187
Culcairn,616
Cullen Bullen,131
Cullenbone,13
Cullendore,8
Cullerin,19
Cullivel,7
Culmaran Creek,0
Cumbalum,815
Cumbandry,5
Cumberland Reach,102
Cumbo,4
Cumborah,104
Cumnock,203
Cundle Flat,5
Cundletown,866
Cundumbul,19
Cunjurong Point,26
Cunningar,72
Cunninyeuk,18
Curban,67
Curl Curl,1276
Curlew Waters,3
Curlewis (NSW),386
Curlwaa,207
Curra Creek,27
Currabubula,163
Curragh,0
Curramore (NSW),84
Currans Hill,3031
Currarong,177
Currawang,105
Currawarna,101
Curraweela,19
Curricabark,3
Currowan,34
Cuttabri,20
Cuttagee,23
Dabee,12
Daceyville,502
Dairy Arm,12
Dairy Flat,5
Dairymans Plains,71
Daleys Point,224
Dalgety,105
Dalmeny,682
Dalmorton,0
Dalswinton,30
Dalton,87
Dalwood (Ballina - NSW),91
Dalwood (Singleton - NSW),60
Dandaloo,21
Dandry,38
Dangar Island,138
Dangarsleigh,73
Dangelong,3
Dapto,5243
Darawank,154
Darbalara,26
Darbys Falls,123
Dareton,231
Dargan,34
Dark Corner,5
Darkes Forest,62
Darkwood,88
Darling Point,2114
Darlinghurst,9109
Darlington (Singleton - NSW),211
Darlington (Sydney - NSW),2454
Darlington Point,588
Darlow,15
Dartbrook,48
Daruka,418
Davidson,1350
Davis Creek,9
Davistown,1101
Dawes Point,208
Daysdale,44
Dean Park,1748
Deauville,16
Debenham,0
Dee Why,13731
Deep Creek (Clarence Valley - NSW),3
Deep Creek (Kempsey - NSW),42
Deep Creek (Kyogle - NSW),15
Deepwater (NSW),192
Deer Vale,71
Delegate,161
Delungra,308
Denham Court,1166
Denhams Beach,202
Deniliquin,3633
Denistone,2000
Denistone East,1162
Denistone West,470
Denman,847
Depot Beach,14
Derriwong,19
Deua,0
Deua River Valley,33
Devils Hole,9
Dewitt,0
Dharruk,1417
Dhulura,20
Dhuragoon,9
Diamond Beach,393
Diamond Head,0
Diehard,23
Diggers Camp,5
Dignams Creek,44
Dilkoon,21
Dilpurra,9
Dingo Forest,0
Dinoga,28
Dirnaseer,45
Dirty Creek,41
Dobies Bight,62
Doctor George Mountain,29
Doctors Gap,8
Dog Rocks,3
Dolans Bay,321
Dolls Point,945
Dollys Flat,42
Dolphin Point,80
Dombarton,73
Donald Creek,14
Dondingalong,333
Doon Doon,39
Doonbah,65
Doonside,7379
Dooralong,213
Dora Creek,746
Dorrigo,474
Dorrigo Mountain,39
Dorroughby,69
Double Bay,2705
Doubtful Creek,64
Douglas Park,693
Dover Heights,1929
Downside,63
Doyalson,167
Doyalson North,58
Doyles Creek,18
Doyles River,0
Drake,168
Drildool,8
Dripstone,29
Drummoyne,6800
Dry Creek (NSW),22
Dry Plain,21
Dubbo,19991
Duck Creek,26
Duckenfield,56
Duckmaloi,25
Dudley,1191
Duffys Forest,242
Dulguigan,67
Dulwich Hill,8733
Dum Dum,47
Dumaresq,40
Dumaresq Island,36
Dumaresq Valley,16
Dumbudgery,0
Dunbible,162
Dunbogan,390
Duncans Creek,24
Dundas (NSW),2780
Dundas Valley,3089
Dundee,72
Dundurrabin,41
Dunedoo,501
Dungarubba,30
Dungay,100
Dungeree,0
Dungog,853
Dungowan,201
Dunkeld (NSW),21
Dunmore (NSW),94
Dunolly (NSW),46
Dunoon,345
Duns Creek,270
Dunville Loop,6
Dural (Hornsby - NSW),3721
Dural (Singleton - NSW),0
Duramana,95
Duranbah,146
Duri,263
Duroby,35
Durran Durra,48
Durras North,12
Durren Durren,37
Duval,0
Dyers Crossing,163
Dyraaba,56
Dyrring,44
Eagle Vale,3301
Eagleton,99
Earlwood,9160
East Albury,3227
East Ballina,2604
East Branxton,988
East Coraki,103
East Corrimal,1862
East Gosford,2018
East Gresford,150
East Hills,1708
East Jindabyne,383
East Kangaloon,46
East Kempsey,616
East Killara,1510
East Kurrajong,1198
East Lindfield,1710
East Lismore,2544
East Lynne,46
East Maitland,5878
East Ryde,1222
East Seaham,173
East Tamworth,2626
East Wagga Wagga,121
East Wardell,148
Eastern Creek,431
Eastgardens,432
Eastlakes,3791
Eastwood (NSW),10491
Eatonsville,102
Ebenezer (NSW),518
Ebor,80
Eccleston,16
Edderton,0
Eden,1353
Eden Creek,73
Edensor Park,5544
Edenville,30
Edgecliff,1534
Edgeroi,57
Edgeworth,3067
Edith (NSW),49
Edmondson Park,1314
Edrom,0
Eenaweena,6
Eglinton (NSW),1135
Eighteen Mile,0
Elands,88
Elanora Heights,2142
Elcombe,14
Elderslie (Camden - NSW),3204
Elderslie (Singleton - NSW),70
Eleebana,2721
Elermore Vale,2675
Elizabeth Bay,3713
Elizabeth Beach,106
Elizabeth Hills,1463
Ellalong,582
Elland,164
Ellangowan (NSW),159
Ellenborough,102
Ellerslie (Snowy Valleys - NSW),20
Ellerslie (Wentworth - NSW),43
Ellerston,64
Ellis Lane,427
Elong Elong,53
Elrington,65
Elsmore,173
Eltham (NSW),162
Elvina Bay,52
Emerald Beach,1110
Emerald Hill,68
Emerton,1124
Emmaville,225
Empire Bay,1177
Empire Vale,82
Emu Heights (NSW),1830
Emu Plains,4144
Emu Swamp,77
Endrick,0
Enfield (NSW),1617
Engadine,8543
Englorie Park,250
Enmore (Armidale Regional - NSW),21
Enmore (Inner West - NSW),2861
Enngonia,92
Environa,0
Epping (NSW),13617
Eraring,86
Eremerang,14
Erigolia,19
Erin Vale,18
Erina,1631
Erina Heights,206
Ermington,5855
Erowal Bay,274
Errowanbang,21
Erskine Park,3842
Erskineville,6315
Erudgere,52
Eschol Park,1466
Esk (NSW),0
Essington,40
Estella,1246
Ettalong Beach,2069
Ettamogah,19
Ettrema,0
Ettrick (NSW),64
Euabalong,89
Euabalong West,28
Euberta,75
Euchareena,81
Eucumbene,4
Eugowra,351
Eulah Creek,36
Eumungerie,146
Eunanoreenya,86
Eungai Creek,227
Eungai Rail,102
Eungella (NSW),162
Eureka (NSW),172
Eurimbla,21
Eurobodalla,42
Euroka,148
Euroley,43
Eurongilly,60
Eurunderee,75
Euston,415
Evans Head,1225
Evans Plains,85
Eveleigh,460
Eviron,100
Ewingar,29
Ewingsdale,454
Exeter (NSW),384
Failford,178
Fairfield (NSW),10148
Fairfield East,2775
Fairfield Heights,4025
Fairfield West,6171
Fairholme,8
Fairlight,3426
Fairy Hill,155
Fairy Meadow,4158
Falbrook,17
Falconer,22
Falls Creek (NSW),468
Far Meadow,107
Fargunyah,13
Farley,104
Farmborough Heights,2230
Farnham,15
Farrants Hill,48
Farringdon,7
Fassifern (NSW),303
Faulconbridge,2056
Faulkland,43
Fawcetts Plain,80
Federal (NSW),360
Fennell Bay,751
Fern Bay,1059
Fern Gully,42
Fernances,8
Fernances Crossing,16
Fernbank Creek,65
Fernbrook,61
Fernhill,499
Fernleigh,147
Fernmount,175
Fernside,20
Fernvale (NSW),129
Ferodale,41
Fiddletown,134
Fifield,55
Figtree,5659
Findon Creek,8
Fine Flower,14
Fingal Bay,545
Fingal Head,291
Finley,1068
Firefly,108
Fishermans Bay,34
Fishermans Paradise,209
Fishermans Reach,66
Fishers Hill,13
Fishing Point,439
Fitzgeralds Mount,24
Fitzgeralds Valley,3
Fitzroy Falls,83
Five Dock,5219
Five Ways,9
Flat Tops,10
Fletcher (NSW),2857
Flinders (NSW),3635
Floraville,922
Forbes (NSW),3746
Forbes Creek,37
Forbes River,6
Forbesdale,71
Fords Bridge,22
Fordwich,37
Forest Glen (NSW),38
Forest Grove (NSW),45
Forest Hill (NSW),1299
Forest Land,0
Forest Lodge,3490
Forest Reefs,229
Forestville (NSW),3853
Forresters Beach,1340
Forster (NSW),5163
Fortis Creek,11
Fosters Valley,37
Fosterton,42
Fountaindale,354
Four Corners,0
Four Mile Creek (NSW),6
Fowlers Gap,23
Foxground,54
Frazer Park,0
Frazers Creek,73
Frederickton,578
Freeburn Island,0
Freemans,0
Freemans Reach,1072
Freemans Waterhole,61
Freemantle,5
French Park,11
Frenchs Forest,6640
Freshwater (NSW),5365
Frog Rock,64
Frogmore,65
Frogs Hollow,58
Frying Pan,3
Fullerton,20
Fullerton Cove,183
Furracabad,15
Gadara,25
Gala Vale,0
Galambine,38
Galong,96
Galore,47
Galston,1451
Ganbenang,36
Gangat,11
Ganmain,318
Garah,154
Garden Suburb,915
Garema,51
Garland,26
Garland Valley,9
Garoo,48
Garra,42
Garthowen,85
Gateshead,1609
Gearys Flat,0
Geehi,0
Gelston Park,60
Gemalla,6
Geneva,274
Georges Creek (NSW),8
Georges Hall,4301
Georges Plains,124
Georgetown (NSW),1184
Georgica,116
Gerogery,278
Gerringong,1789
Gerroa,275
Geurie,371
Ghinni Ghi,19
Ghinni Ghinni,31
Ghoolendaadi,25
Giants Creek,48
Gibberagee,11
Gibraltar Range,0
Gidginbung,31
Gidley,42
Gilead,43
Gilgai,349
Gilgandra,1382
Gilgooma,26
Gilgunnia,0
Gillenbah,77
Gilletts Ridge,6
Gillieston Heights,1784
Gilmandyke,8
Gilmore (NSW),92
Gin Gin (NSW),57
Gineroi,30
Ginghi,8
Gingkin,37
Girards Hill,683
Girilambone,69
Giro,0
Girral,28
Girralong,29
Girraween (NSW),3064
Girvan,86
Gladesville,6603
Gladstone (NSW),164
Glanmire (NSW),72
Glebe (NSW),7635
Gledswood Hills,10
Glen Alice,26
Glen Allen,13
Glen Alpine,2545
Glen Davis,48
Glen Elgin,192
Glen Fergus,0
Glen Innes,2616
Glen Martin,77
Glen Nevis,0
Glen Oak,187
Glen Ward,5
Glen William,72
Glenbawn,51
Glenbrook,2512
Glencoe (NSW),78
Glendale (NSW),1587
Glendenning,2968
Glendon,57
Glendon Brook,126
Glenelg (NSW),18
Glenellen,58
Glenfield (NSW),5358
Glenfield Park,2777
Glengarrie,53
Glenhaven,2969
Gleniffer,171
Glenmore (NSW),62
Glenmore Park,12998
Glennies Creek,18
Glenning Valley,1093
Glenorie,1752
Glenquarry,104
Glenreagh,398
Glenridding,136
Glenrock (NSW),24
Glenroy (Albury - NSW),1628
Glenroy (Snowy Valleys - NSW),32
Glenthorne,118
Glenugie,97
Glenwood (NSW),9060
Glenworth Valley,3
Glossodia,1601
Gloucester,1192
Gloucester Tops,0
Goat Island,0
Gobarralong,22
Gobbagombalin,304
Gocup,73
Godfreys Creek,29
Gogeldrie,56
Gol Gol,731
Gollan,52
Golspie,24
Gongolgon,16
Gonn,19
Goobarragandra,32
Good Forest,16
Good Hope,76
Goodnight,48
Goodooga,124
Goodwood Island,31
Googong,1562
Goolgowi,212
Goolhi,42
Goolma,52
Goolmangar,97
Gooloogong,162
Goombargana,28
Goonellabah,6157
Goonengerry,186
Goonoo Forest,11
Goonoo Goonoo,32
Goonumbla,52
Goorangoola,28
Goorianawa,12
Gordon (NSW),3994
Gorge Creek,4
Gormans Hill,318
Gorokan,4046
Gosford,2324
Gosforth,40
Gostwyck,10
Goulburn,11380
Gouldsville,8
Gowan,17
Gowang,12
Gowrie (Singleton - NSW),165
Gowrie (Tamworth Regional - NSW),48
Grabben Gullen,130
Gradys Creek,26
Grafton,4888
Gragin,0
Grahamstown,31
Graman,51
Grants Beach,0
Granville (NSW),9856
Grasmere,717
Grassy Head,39
Grattai,163
Gravesend,170
Grays Point,1616
Great Mackerel Beach,12
Great Marlow,86
Green Cape,0
Green Creek,3
Green Forest,3
Green Gully (NSW),16
Green Hills (Armidale Regional - NSW),11
Green Hills (Snowy Valleys - NSW),0
Green Pigeon,82
Green Point (Central Coast - NSW),2991
Green Point (Gosford - NSW),3
Green Point (Mid-Coast - NSW),249
Green Valley (NSW),6994
Greenacre,12245
Greendale (Bega Valley - NSW),37
Greendale (Liverpool - NSW),176
Greenethorpe,110
Greenfield Park,2696
Greengrove,14
Greenhill (NSW),309
Greenhills Beach,454
Greenlands (Singleton - NSW),36
Greenlands (Snowy Monaro Regional - NSW),8
Greenleigh,357
Greenridge,70
Greenwell Point,487
Greenwich,3089
Greenwich Park,59
Greg Greg,27
Gregadoo,129
Gregory Hills,3011
Greigs Flat,63
Grenfell,1041
Gresford,113
Greta (NSW),1474
Greta Main,38
Grevillia,53
Greystanes,11457
Griffith (NSW),9301
Grogan,44
Grong Grong,130
Grose Vale,642
Grose Wold,319
Grosses Plain,16
Growee,3
Guerilla Bay,13
Guildford (NSW),12445
Guildford West,2656
Gulargambone,289
Gulf Creek,24
Gulgong,1157
Gulmarrad,701
Gum Flat,113
Gum Scrub,62
Gumbalie,0
Gumble,21
Gumly Gumly,140
Gumma,197
Gunbar,32
Gundagai,713
Gundamulda,6
Gundaroo,591
Gundary,124
Gunderbooka,5
Gunderman,91
Gundy,110
Gungal,119
Gungalman,3
Gunnedah,4661
Gunning,331
Gunning Gap,35
Gunningbland,36
Gunningrah,0
Gurley,123
Gurnang,123
Gurranang,40
Gurrundah,35
Guyong,61
Guyra,905
Gwabegar,65
Gwandalan,1590
Gwynneville,1894
Gymea,4141
Gymea Bay,3350
Haberfield,3236
Hacks Ferry,8
Halekulani,1097
Halfway Creek,130
Hallidays Point,216
Halloran,24
Halls Creek (NSW),59
Hallsville,245
Halton,7
Hambledon Hill,0
Hamilton (NSW),2526
Hamilton East,501
Hamilton North,519
Hamilton South,2017
Hamilton Valley,334
Hamlyn Terrace,2828
Hammondville,1634
Hampden Hall,27
Hampton (NSW),52
Hanging Rock,49
Hanleys Creek,0
Hannam Vale,85
Hanwood,665
Harden,821
Hardys Bay,93
Harefield,78
Hargraves,114
Harolds Cross,27
Harparary,19
Harpers Hill,19
Harrington,1008
Harrington Park,5770
Harris Park,4048
Hartley (NSW),209
Hartley Vale,32
Hartwood,9
Hartys Plains,15
Harwood,143
Hassall Grove,2560
Hassans Walls,0
Hastings Point,183
Hat Head,128
Hatfield,3
Havilah (NSW),16
Hawkesbury Heights,240
Hawks Nest,442
Hay (NSW),1135
Hay South,190
Hayes Gap,11
Haymarket,6340
Haystack,3
Hayters Hill,6
Haywards Bay,532
Hazelbrook,2486
Hazelgrove,36
Heathcote (NSW),2889
Heatherbrae,245
Hebden,24
Hebersham,2910
Heckenberg,1588
Heddon Greta,1141
Heifer Station,0
Helensburgh,3452
Henley,243
Henty (NSW),478
Hereford Hall,9
Hermidale,70
Hermitage Flat,168
Hernani,67
Herons Creek,116
Hexham (NSW),63
Hickeys Creek,54
High Range,209
Higher Macdonald,3
Highfields (NSW),432
Hill End (NSW),43
Hill Top (Snowy Monaro Regional - NSW),44
Hill Top (Wingecarribee - NSW),1408
Hilldale,103
Hillgrove (Armidale Regional - NSW),92
Hillgrove (Wagga Wagga - NSW),22
Hillsborough (Lake Macquarie - NSW),331
Hillsborough (Maitland - NSW),24
Hillsdale,3415
Hillston,783
Hillville,134
Hillvue,3078
Hinchinbrook (NSW),6385
Hinton,226
Hobartville (NSW),1452
Hobbys Yards,42
Hogarth Range,22
Holbrook,709
Holgate,465
Hollisdale,22
Hollydeen,38
Holmesville,712
Holroyd,832
Holsworthy,3497
Holts Flat,0
Home Rule,32
Homebush (NSW),4853
Homebush West,6171
Homeleigh,51
Honeybugle,7
Hopefield,37
Hopkins Creek,46
Horningsea Park,2054
Hornsby,13243
Hornsby Heights,3209
Horse Station Creek,46
Horseshoe Bend,205
Horseshoe Creek,49
Horsfield Bay,295
Horsley,4343
Horsley Park,938
Hoskinstown,110
Hovells Creek,23
Howards Grass,34
Howell,23
Howes Valley,58
Howick (NSW),0
Howlong,1174
Hoxton Park,2459
Humula,64
Hungerford (NSW),11
Hunters Hill,4200
Hunterview,1726
Huntingdon,52
Huntingwood,0
Huntley (Orange - NSW),69
Huntley (Wollongong - NSW),22
Huntleys Cove,347
Huntleys Point,79
Huonbrook,76
Hurlstone Park,2653
Hurstville,19164
Hurstville Grove,1480
Huskisson,370
Hyams Beach,31
Hyland Park,200
Hyndmans Creek,30
Ilarwill,83
Ilford,80
Illabo,67
Illaroo,13
Illawong,3862
Iluka (NSW),532
Indi,21
Ingebirah,55
Ingleburn,8365
Ingleside,523
Innes View,16
Inverell,5302
Invergordon (NSW),14
Invergowrie,366
Iron Pot Creek,18
Ironbark (NSW),13
Ironmungy,0
Irvington,39
Irymple (NSW),7
Isabella,8
Islington,1265
Ivanhoe (NSW),191
Jackadgery,43
Jacks Creek,57
Jacksons Flat,6
Jacky Bulbin Flat,13
Jagumba,0
Jagungal Wilderness,0
Jamberoo,731
James Creek,102
Jamisontown,2952
Jannali,3287
Jaspers Brush,159
Jaunter,8
Jeir,128
Jellat Jellat,33
Jemalong,36
Jembaicumbene,14
Jennings,58
Jenolan,12
Jeogla,20
Jerangle,44
Jeremadra,86
Jeremy,0
Jerilderie,475
Jerrabattgulla,0
Jerrabomberra,5396
Jerrara,65
Jerrawa,37
Jerrawangala,29
Jerrong,7
Jerrys Plains,224
Jerseyville,50
Jesmond,1827
Jewells,1068
Jews Lagoon,0
Jiggi,194
Jilliby,863
Jimenbuen,20
Jincumbilly,3
Jindabyne,1669
Jinden,6
Jindera,1080
Jingellic,37
Jingera,17
Joadja,59
Joes Box,3
Johns River,167
Jolly Nose,0
Jones Bridge,11
Jones Creek,52
Jones Island,28
Jordan Springs,3203
Judds Creek,10
Jugiong,112
Junction Hill,578
Junee,2766
Junee Reefs,35
Kahibah,1259
Kains Flat,66
Kalang,139
Kalaru,333
Kalkite,95
Kamarah,39
Kameruka,56
Kanahooka,2431
Kanangra,0
Kandos,573
Kangaloon,66
Kangaroo Creek,51
Kangaroo Point (NSW),272
Kangaroo Valley,387
Kangaroobie,18
Kangiara,34
Kangy Angy,135
Kanimbla (NSW),62
Kanoona,68
Kanwal,1794
Kapooka,416
Kaputar,0
Karaak Flat,18
Karabar,4496
Karangi,292
Kareela,1584
Kariong,3535
Kars Springs,13
Karuah,585
Katoomba,4081
Kayuga,25
Kearns,1642
Kearsley,437
Keepit,10
Keera,27
Keerrong,74
Keinbah,66
Keiraville,2002
Keith Hall,93
Kellys Plains,79
Kellyville,15287
Kellyville Ridge,5929
Kelso (NSW),4348
Kelvin,83
Kembla Grange,121
Kembla Heights,63
Kemps Creek,1118
Kempsey,254
Kendall,534
Kenebri,17
Kennaicle Creek,4
Kensington (NSW),10055
Kenthurst,2438
Kentlyn,340
Kentucky,82
Kentucky South,63
Kerewong,3
Keri Keri,8
Kerrabee,7
Kerrigundi,5
Kerrs Creek,17
Kew (NSW),406
Keybarbin,6
Khancoban,114
Khatambuhl,5
Kia Ora (NSW),13
Kiacatoo,12
Kiah,69
Kiama,3000
Kiama Downs,2495
Kiama Heights,380
Kianga (NSW),270
Kiar,17
Kickabil,24
Kielvale,132
Kikiamah,49
Kikoira,36
Kilaben Bay,675
Kilgin,24
Kilgra,31
Killabakh,120
Killara (NSW),5313
Killarney Heights,2056
Killarney Vale,3548
Killawarra (NSW),61
Killcare,207
Killcare Heights,319
Killiekrankie,0
Killimicat,17
Killingworth (NSW),390
Killongbutta,20
Kimbriki,54
Kinchela,125
Kincumber,3014
Kincumber South,177
Kindee,44
Kindervale,7
King Creek,734
Kingfisher Shores,80
Kinghorne,0
Kings Forest,23
Kings Langley,4761
Kings Park (NSW),1889
Kings Plains (Blayney - NSW),58
Kings Plains (Inverell - NSW),3
Kings Point,255
Kingscliff,3412
Kingsdale,80
Kingsford (NSW),10380
Kingsgate,3
Kingsgrove,6427
Kingsland,17
Kingstown,48
Kingsvale,76
Kingswood (Bega Valley - NSW),6
Kingswood (Penrith - NSW),5180
Kingswood (Tamworth Regional - NSW),498
Kioloa,109
Kiora,29
Kippara,0
Kippaxs,9
Kippenduff,15
Kirkconnell,231
Kirkham,372
Kirrawee,4595
Kirribilli,2468
Kitchener,240
Kiwarrak,0
Klori,26
Knights Hill,18
Knockrow,99
Knorrit Flat,14
Knorrit Forest,0
Kogarah,9759
Kogarah Bay,1065
Kooba,35
Kookabookra,5
Koolewong,445
Koolkhan,14
Koonawarra,1874
Koonorigan,147
Koonyum Range,10
Kooragang,0
Koorainghat,76
Koorawatha,180
Kooringal (NSW),3656
Kootingal,1009
Koraleigh,175
Koreelah,29
Korora,1205
Kosciuszko,0
Kosciuszko National Park,422
Kotara,2020
Kotara South,546
Krambach,175
Krawarree,21
Kremnos,95
Ku-Ring-Gai Chase,4
Kulnura,299
Kulwin (NSW),8
Kunama,32
Kundabung,303
Kundibakh,32
Kundle Kundle,83
Kungala,76
Kunghur,53
Kunghur Creek,23
Kurmond,406
Kurnell,1156
Kurraba Point,942
Kurrajong,1542
Kurrajong Heights,687
Kurrajong Hills,334
Kurri Kurri,2999
Kyalite,49
Kyarran,13
Kybeyan,29
Kyeamba,31
Kyeemagh,452
Kyle Bay,518
Kynnumboon,65
Kyogle,924
La Perouse,214
Lacmalac,86
Lade Vale,61
Ladysmith,158
Laffing Waters,45
Laggan,156
Lagoon Grass,23
Laguna,81
Lake Albert (NSW),2907
Lake Bathurst,135
Lake Brewster,4
Lake Burrendong,3
Lake Cargelligo,663
Lake Cathie,1431
Lake Conjola,147
Lake Cowal,21
Lake George,51
Lake Haven,1493
Lake Heights,1928
Lake Hume Village,26
Lake Illawarra,1641
Lake Innes,206
Lake Macquarie,0
Lake Munmorah,2298
Lake Tabourie,288
Lake Wyangan,459
Lakelands (NSW),748
Lakemba,9800
Lakesland,220
Lakewood,425
Lalalty,48
Lalor Park,4294
Lambs Valley (Glen Innes Severn - NSW),43
Lambs Valley (Singleton - NSW),189
Lambton,2674
Landervale,7
Lane Cove,6212
Lane Cove North,7358
Lane Cove West,1403
Langley Vale,17
Lanitza,159
Lankeys Creek,14
Lansdowne (Canterbury-Bankstown - NSW),7
Lansdowne (Mid-Coast - NSW),254
Lansdowne Forest,5
Lansvale,1379
Lapstone,450
Larbert,24
Largs,951
Larnook,173
Larras Lee,31
Laughtondale,44
Laurel Hill,10
Laurieton,575
Lavadia,10
Lavender Bay,620
Laverstock,15
Lavington,6253
Lawrence (NSW),394
Lawson (NSW),1342
Leadville,79
Leconfield,84
Lee Creek,4
Leeton,4181
Leets Vale,25
Leeville,126
Legume,72
Leichhardt (NSW),9039
Lemington,3
Lemon Tree,30
Lemon Tree Passage,1110
Len Waters Estate,0
Lenaghan,28
Lennox Head,3281
Leonay,1212
Leppington,1843
Lerida,12
Lethbridge Park,2337
Leumeah,5346
Leura,1979
Levenstrath,17
Lewinsbrook,14
Lewis Ponds,77
Lewisham (NSW),2030
Leycester,75
Liberty Grove,1431
Lidcombe,12786
Liddell,0
Lidsdale,225
Lidster,151
Lightning Ridge,1053
Lilli Pilli (Eurobodalla - NSW),240
Lilli Pilli (Sutherland Shire - NSW),682
Lillian Rock,97
Lilydale (NSW),13
Lilyfield,4395
Lilyvale (NSW),5
Limbri,50
Limeburners Creek (Mid-Coast - NSW),171
Limeburners Creek (Port Macquarie-Hastings - NSW),6
Limekilns,59
Limerick,19
Limestone (NSW),0
Limpinwood,104
Linburn,29
Linden (NSW),267
Lindendale,109
Lindesay,4
Lindesay Creek,5
Lindfield,5007
Lindifferon,25
Linley Point,177
Lionsville,5
Lisarow,2640
Lismore (NSW),1975
Lismore Heights,1130
Liston,58
Lithgow,2367
Little Back Creek,25
Little Bay,2357
Little Billabong,65
Little Forest,68
Little Hartley,265
Little Jacks Creek,12
Little Jilliby,59
Little Pelican,3
Little Plain,72
Little River (NSW),20
Little Topar,15
Little Wobby,21
Littleton,396
Liverpool,15489
Llanarth (NSW),1123
Llandilo,809
Llangothlin,58
Lloyd,461
Loadstone,22
Lochiel (NSW),189
Lochinvar,408
Lockhart,439
Locksley (NSW),23
Loftus,2013
Loftville,122
Logans Crossing,52
Logie Brae,37
Londonderry (NSW),2095
Long Beach,594
Long Flat (NSW),53
Long Jetty,3103
Long Plain (Inverell - NSW),8
Long Plain (Snowy Monaro Regional - NSW),0
Long Point (Campbelltown - NSW),106
Long Point (Singleton - NSW),19
Longarm,9
Longreach (NSW),29
Longueville,984
Loomberah,240
Lord Howe Island,217
Lords Hill,13
Lorn,660
Lorne (NSW),119
Lost River,34
Lostock,25
Louisa Creek,5
Louth,22
Louth Park,366
Lovedale,234
Lovett Bay,63
Lowanna,192
Lower Acacia Creek,23
Lower Bago,0
Lower Belford,211
Lower Boro,75
Lower Bottle Creek,7
Lower Creek,16
Lower Duck Creek,13
Lower Dyraaba,7
Lower Lewis Ponds,26
Lower Macdonald,144
Lower Mangrove,31
Lower Pappinbarra,56
Lower Peacock,0
Lower Portland,296
Lower Southgate,63
Lowesdale,53
Lowther,38
Loxford,31
Lucas Heights,0
Lucknow (NSW),150
Luddenham,968
Lue,81
Lugarno,2739
Lurnea,4793
Luskintyre,97
Lynchs Creek,46
Lyndhurst (Armidale Regional - NSW),13
Lyndhurst (Blayney - NSW),172
Lynwood (NSW),88
Mabins Well,11
Macdonalds Creek,10
Macksville,1052
Maclean,960
Macmasters Beach,606
Macquarie Fields,7244
Macquarie Hills,1814
Macquarie Links,800
Macquarie Marshes,0
Macquarie Park,5862
Macquarie Pass,0
Maddens Plains,5
Maffra (NSW),8
Magenta (NSW),89
Magometon,17
Maianbar,271
Maimuru,68
Main Arm,305
Main Creek,39
Mairjimmy,24
Maison Dieu,101
Maitland (NSW),1022
Maitland Bar,8
Maitland Vale,65
Majors Creek (NSW),113
Malabar,3256
Maldon (NSW),12
Mallabula,439
Mallan,26
Mallanganee,86
Mallee,3
Mallowa,61
Maloneys Beach,140
Malua Bay,859
Manar,68
Manchester Square,9
Mandagery,33
Mandalong,234
Mandemar,26
Mandurama,157
Mangerton,1585
Mangoola,24
Mangoplah,153
Mangrove Creek,28
Mangrove Mountain,377
Manildra,358
Manilla,1061
Manly (NSW),10228
Manly Vale,3654
Mannering Park,1256
Manning Point,70
Mannus,183
Manobalai,31
Manton (NSW),146
Manyana,236
Maragle,26
Maraylya,610
Marayong,4085
March,48
Marchmont,115
Mardi,1847
Marengo (NSW),0
Mares Run,0
Marinna,20
Marks Point,874
Markwell,62
Marlee,113
Marlo Merrican,36
Marlow,8
Marlowe,0
Marmong Point,371
Marom Creek,63
Maroota,304
Maroubra,17659
Marrangaroo,652
Marrar,194
Marrickville,17246
Marsden Park,498
Marsfield,7968
Marshall Mount,64
Marshdale,21
Marthaguy,36
Martindale,76
Martins Creek,211
Martinsville,153
Marulan,565
Maryland (Newcastle - NSW),4209
Maryland (Tenterfield - NSW),28
Marys Mount,39
Maryvale (NSW),96
Maryville,892
Mascot,10134
Matcham,477
Matheson,21
Mathoura,397
Matong,85
Matraville,5155
Maude (NSW),46
Maules Creek,56
Maxwell,44
Maybole,25
Mayers Flat,15
Mayfield (Newcastle - NSW),5647
Mayfield (Oberon - NSW),4
Mayfield (Queanbeyan-Palerang Regional - NSW),13
Mayfield (Shoalhaven - NSW),26
Mayfield East,1041
Mayfield North,0
Mayfield West,1118
Mayrung,76
Mays Hill,451
Mayvale,8
McCullys Gap,131
McDougalls Hill,82
McGraths Hill,1441
McKees Hill,155
McKellars Park,110
McLeans Ridges,250
McLeods Shoot,51
McMahons Point,1452
McMahons Reef,26
Meadow Flat,153
Meadowbank (NSW),3324
Mebbin,0
Mebul,11
Medlow Bath,325
Medowie,5067
Medway,57
Meerschaum Vale,190
Megalong Valley,76
Megan,74
Melbergen,0
Melinga,49
Mellong,0
Mellool,20
Melrose Park (NSW),799
Melville (NSW),29
Memagong,41
Menah,64
Menai,5683
Menangle,473
Menangle Park,126
Mendooran,235
Menindee,269
Merah North,102
Merewether,6220
Merewether Heights,627
Merimbula,1516
Meringo,46
Mernot,0
Meroo,25
Meroo Meadow,222
Merotherie,14
Merriangaah,7
Merricumbene,13
Merrigal,14
Merrill,20
Merriwa (NSW),805
Merriwagga,56
Merrygoen,67
Merrylands,17158
Merrylands West,3509
Merungle Hill,110
Meryla,5
Metford,2507
Methul,15
Metz,50
Miamley,0
Miandetta (NSW),24
Micalo Island,13
Michelago,320
Middle Arm,173
Middle Brook,111
Middle Brother,28
Middle Cove,641
Middle Dural,457
Middle Falbrook,53
Middle Flat,23
Middle Pocket,68
Middleton Grange,3040
Middlingbank,5
Midginbil,31
Mihi,22
Mila,16
Milbrodale,58
Milbrulong,42
Milkers Flat,5
Millah Murrah,13
Millbank (NSW),62
Miller,1660
Millers Forest,175
Millers Point,969
Millfield,505
Millie,21
Millingandi,165
Millthorpe,611
Milparinka,38
Milperra,1987
Milroy (Gunnedah - NSW),49
Milroy (Mid-Western Regional - NSW),30
Milsons Passage,7
Milsons Point,1387
Milton (NSW),580
Milvale,32
Mimosa (NSW),41
Minchinbury,3267
Mindaribba,41
Mingoola (NSW),10
Minimbah,87
Minjary,12
Minmi,397
Minnamurra,335
Minnie Water,86
Minore,68
Minto,6931
Minto Heights,181
Mirador,166
Miranda (NSW),7954
Mirannie,31
Mirrabooka (NSW),364
Mirrool,40
Missabotti,126
Mitchell (NSW),1012
Mitchells Flat,120
Mitchells Island,197
Mittagong,2414
Moama,2614
Modanville,286
Mogareeka,26
Mogendoura,75
Moggs Swamp,17
Mogilla,28
Mogo (Eurobodalla - NSW),158
Mogo (Mid-Western Regional - NSW),6
Mogo Creek,0
Mogood,14
Mograni,14
Mogriguy,54
Mole River,27
Moleville Creek,11
Mollyan,22
Mollymook,449
Mollymook Beach,934
Molong,1120
Mona Vale,5066
Monak,24
Monaltrie,102
Mondayong,0
Mondrook,61
Monga,4
Mongarlowe,56
Mongogarie,41
Monia Gap,6
Monivae,13
Monkerai,38
Monteagle,102
Montecollum,29
Montefiores,239
Monterey,2361
Mooball,96
Moobi,91
Moogem,0
Mookerawa,0
Mookima Wybra,16
Moolarben,7
Moollattoo,0
Moolpa,0
Moombooldool,15
Moonan Brook,8
Moonan Flat,60
Moonbah,281
Moonbi,455
Moonbria,3
Mooneba,38
Moonee,0
Moonee Beach,934
Mooney Mooney,154
Mooney Mooney Creek,15
Moonpar,9
Mooral Creek,39
Moorara,6
Moorbel,102
Moore Creek,1144
Moore Park,22
Moorebank,5187
Moorilda,17
Moorland (NSW),218
Moorong,88
Moorwatha,22
Moparrabah,51
Moppy,8
Morago,15
Morangarell,20
Morans Crossing,24
Moree,4756
Morisset,1211
Morisset Park,329
Morning Bay,11
Mororo,49
Morpeth,619
Mortdale,6179
Mortlake (NSW),666
Morton,106
Mortons Creek,137
Morts Estate,297
Morundah,34
Moruya,1758
Moruya Heads,439
Morven (Glen Innes Severn - NSW),0
Morven (Greater Hume Shire - NSW),69
Mosman,14908
Moss Vale,3912
Mossgiel,23
Mossy Point,260
Moto,57
Moulamein,201
Mount Adrah,21
Mount Annan,6527
Mount Aquila,0
Mount Arthur,71
Mount Austin,1880
Mount Burrell,112
Mount Colah,3923
Mount Collins,3
Mount Cooper (NSW),0
Mount Darragh,12
Mount David,21
Mount Dee,5
Mount Druitt,9240
Mount Elliot (NSW),72
Mount Fairy,103
Mount Foster,0
Mount Frome,81
Mount George (NSW),144
Mount Harris,12
Mount Hope (NSW),12
Mount Horeb,11
Mount Hunter,373
Mount Hutton (NSW),1662
Mount Irvine,11
Mount Keira,857
Mount Kembla,534
Mount Kingiman,4
Mount Knowles,17
Mount Kuring-Gai,894
Mount Lambie,35
Mount Lewis,637
Mount Lindsey,0
Mount Marsden,24
Mount Marsh,0
Mount Mitchell,44
Mount Murray,24
Mount Olive (Oberon - NSW),10
Mount Olive (Singleton - NSW),75
Mount Ousley,786
Mount Panorama,53
Mount Pleasant (NSW),663
Mount Pritchard,5258
Mount Rankin,177
Mount Rivers,21
Mount Riverview,1476
Mount Royal,17
Mount Russell,54
Mount Saint Thomas,823
Mount Seaview,18
Mount Tenandra,3
Mount Thorley,32
Mount Tomah,33
Mount Vernon,654
Mount Victoria,513
Mount View,62
Mount Vincent,185
Mount Warning,48
Mount Warrigal,2251
Mount Werong,0
Mount White,85
Mount Wilson,39
Mountain Creek (NSW),26
Mountain Lagoon,45
Mountain Top,26
Mountain View (NSW),91
Mourquong,36
Mowbray Park,50
Mozart,21
Mudgee,5509
Mulbring,278
Mulgoa,939
Mulgrave (NSW),40
Mulguthrie,0
Muli Muli,34
Mulla,5
Mulla Creek,43
Mullaley,87
Mullamuddy,34
Mullaway,300
Mullengandra,57
Mullengudgery,28
Mullion,43
Mullion Creek,280
Mulloon,80
Mullumbimby,1729
Mullumbimby Creek,270
Mulwala,849
Mulyandry,26
Mumbil,116
Mumblebone Plain,20
Mumbulla Mountain,0
Mummel,55
Mummulgum,39
Mundamia,35
Mundarlo,37
Munderoo,18
Mundongo,117
Mungay Creek,54
Munghorn,0
Mungindi (NSW),302
Mungo,0
Mungo Brush,0
Munni,16
Munyabla,21
Murga,33
Murrah,18
Murrami,125
Murrawombie,7
Murray Downs,118
Murray Gorge,0
Murrays Beach,292
Murrays Run,80
Murrengenburg,0
Murrin Bridge,43
Murringo,189
Murrulebale,28
Murrumbateman,1700
Murrumbo,6
Murrumbucca,38
Murrumburrah,50
Murrurundi,435
Murulla,7
Murwillumbah,3141
Muscle Creek,178
Muswellbrook,6533
Mutawintji,19
Muttama,79
Myall Creek,19
Myall Lake,0
Myall Park (NSW),96
Myalla (NSW),0
Mylestom,157
Mylneford,32
Myocum,483
Myola (NSW),23
Myrtle Creek (NSW),34
Myrtle Mountain,30
Myrtle Park,28
Myrtleville,31
Mystery Bay,65
Myuna Bay,9
Nabiac,559
Nadgee,0
Nambucca Heads,2345
Namoi River,19
Nana Glen,545
Nangus,94
Nanima,82
Napier Lane,13
Napoleon Reef,68
Naradhan,43
Narara,4287
Narellan,1946
Narellan Vale,3935
Naremburn,3522
Narone Creek,10
Narooma,1005
Narrabarba,6
Narrabeen,4207
Narrabri,3764
Narraburra,33
Narran Lake,0
Narrandera,1966
Narrangullen,12
Narrawa,44
Narrawallee,503
Narraweena,3223
Narromine,2109
Narwee,3067
Nashdale,197
Nashua,110
Nattai,39
Naughtons Gap,38
Neath,202
Nebea,10
Neilrex,31
Nelligen,168
Nelson (Bega Valley - NSW),0
Nelson (The Hills Shire - NSW),220
Nelson Bay (NSW),2685
Nelsons Plains,172
Nelungaloo,25
Nemingha,336
Nericon,153
Neringla,9
Nerong,33
Nerriga,47
Nerrigundah,10
Nethercote,180
Neurea,71
Neutral Bay,7014
Never Never,0
Nevertire,94
Neville,114
New Berrima,310
New Brighton,174
New Buildings,17
New Italy,90
New Lambton,5266
New Lambton Heights,1242
New Mexico,21
New Park,66
New Valley,15
Newbold,0
Newbridge (NSW),79
Newcastle,1842
Newcastle East,608
Newcastle West,445
Newee Creek,192
Newington (NSW),3395
Newnes,5
Newnes Plateau,0
Newport (NSW),4804
Newrybar,203
Newstead (NSW),11
Newton Boyd,12
Newtown (NSW),11570
Niagara Park,1457
Niangala,53
Niemur,21
Nightcap,0
Nimbin,748
Nimmitabel,123
Nimmo,5
Nobbys Creek,142
Nombi,23
Noona,11
Noorong,14
Nooroo,38
Norah Head,537
Noraville,1442
Nords Wharf,455
Normanhurst,2527
North Albury,3142
North Arm (NSW),55
North Arm Cove,158
North Avoca,1181
North Balgowlah,1788
North Batemans Bay,245
North Boambee Valley,751
North Bondi,5655
North Bourke,134
North Brother,0
North Casino,433
North Curl Curl,2144
North Dorrigo,88
North Epping,2242
North Gosford,2088
North Haven (NSW),578
North Lambton,1929
North Lismore,395
North Macksville,234
North Macquarie,12
North Manly,1599
North Narooma,215
North Narrabeen,3054
North Nowra,2728
North Parramatta,8118
North Richmond,2456
North Rocks,3939
North Rothbury,472
North Ryde,5850
North Shore (NSW),173
North St Marys,2014
North Star,129
North Strathfield,3239
North Sydney,5212
North Tamworth,2570
North Tumbulgum,121
North Turramurra,1411
North Wagga Wagga,388
North Wahroonga,925
North Willoughby,2184
North Wollongong,1699
North Woodburn,42
North Yalgogrin,38
North Yeoval,34
Northangera,19
Northbridge (NSW),2971
Northmead,6101
Northwood (NSW),467
Norway,22
Nowendoc,63
Nowley,26
Nowra,4219
Nowra Hill,1433
Nubba,43
Nulkaba,357
Nullamanna,74
Nullica,3
Nullo Mountain,13
Numbaa,55
Number One,12
Numbla Vale,27
Numbugga,56
Numeralla,125
Numinbah,58
Numulgi,103
Nunderi,324
Nundle,205
Nungatta,0
Nungatta South,0
Nurenmerenmong,5
Nymagee,50
Nymboida,169
Nyngan,1034
Nyora (NSW),3
Nyrang Creek,10
O'Connell (NSW),267
Oak Flats,3219
Oakdale (NSW),962
Oakey Park,155
Oakhampton,60
Oakhampton Heights,70
Oakhurst (NSW),3987
Oaklands,146
Oakville,989
Oakwood (NSW),88
Oallen,73
Oatlands (NSW),2977
Oatley,5282
Oban,5
Obanvale,9
Oberne Creek,30
Oberon,1452
Obley,40
Ocean Shores,2567
Ogunbil,76
Old Adaminaby,14
Old Bar,1782
Old Bonalbo,31
Old Erowal Bay,517
Old Grevillia,27
Old Guildford,1390
Old Junee,130
Old Mill,9
Old Station,14
Old Toongabbie,1646
Olinda (NSW),9
Olney,0
Omadale,0
One Mile (NSW),185
One Tree,9
Oolong,25
Ooma,15
Ootha,34
Ophir,55
Oran Park,2794
Orange,19165
Orange Grove (NSW),17
Orangeville,636
Orchard Hills,1015
Orient Point,282
Orton Park,14
Osborne (NSW),15
Osterley (NSW),61
Oswald,44
Otford,214
Oura,111
Ourimbah,2170
Ournie,16
Owens Gap,31
Oxford Falls,58
Oxley (Balranald - NSW),22
Oxley (Warren - NSW),3
Oxley Island,139
Oxley Park,1768
Oxley Vale,1847
Oyster Bay,2749
Oyster Cove (NSW),32
Packsaddle,56
Paddington (NSW),8642
Paddys Flat (Kyogle - NSW),8
Paddys Flat (Snowy Monaro Regional - NSW),0
Paddys River (Snowy Valleys - NSW),12
Paddys River (Wingecarribee - NSW),17
Padstow,7290
Padstow Heights,1657
Pagans Flat,3
Pages Creek,4
Pages River,0
Pagewood,1944
Palarang,30
Palerang,0
Paling Yards (Bathurst Regional - NSW),4
Paling Yards (Oberon - NSW),8
Pallal,40
Pallamallawa,234
Palm Beach (NSW),637
Palm Grove (NSW),55
Palmdale (NSW),41
Palmers Channel,53
Palmers Island,218
Palmers Oaky,15
Palmvale,51
Palmwoods (NSW),54
Pambula,403
Pambula Beach,267
Pampoolah,175
Pan Ban,14
Panania,6630
Pangee,4
Panuara,31
Pappinbarra,38
Para,0
Paradise (NSW),8
Paringi,9
Parkes (NSW),5388
Parkesbourne,96
Parklea,2436
Parkville (NSW),165
Parma,80
Parramatta,18335
Parraweena,19
Patchs Beach,35
Paterson (NSW),438
Patonga,60
Paupong,11
Paxton,486
Paynes Crossing,52
Paytens Bridge,58
Peacock Creek,7
Peak Hill (NSW),485
Peak View,21
Peakhurst,5052
Peakhurst Heights,1090
Pearces Creek,89
Pearl Beach,163
Peats Ridge,195
Pebbly Beach,0
Peel,142
Peelwood,12
Pejar,25
Pelaw Main,499
Pelican (NSW),419
Pelton,44
Pembrooke,68
Pemulwuy,2986
Pendle Hill,4026
Pennant Hills,3848
Penrith,7406
Penrose,107
Penshurst (NSW),7509
Pericoe,7
Perrys Crossing,0
Perthville,317
Petersham,5515
Pheasants Nest,368
Phegans Bay,253
Phillip Bay,341
Phoenix Park,49
Piallamore,110
Piallaway,59
Piambong,80
Picketts Valley,102
Picnic Point,3142
Picton (NSW),2556
Pigeonbah,8
Piggabeen,151
Pikapene,0
Pillar Valley,160
Pilliga,104
Pilot Wilderness,0
Pimlico (NSW),151
Pimlico Island,0
Pinbeyan,0
Pindaroi,18
Pindimar,148
Pine Camp,8
Pine Clump,5
Pine Grove (NSW),4
Pine Lodge (NSW),28
Pine Ridge,62
Pine Valley,22
Piney Range,30
Pinkett,26
Pinnacle (NSW),19
Pinnacle Swamp,18
Pinny Beach,0
Piora,47
Pipeclay,23
Pitnacree,18
Pitt Town,1635
Pitt Town Bottoms,64
Pleasant Hills,55
Pleasure Point,295
Plumpton (NSW),5159
Point Clare,1771
Point Frederick,953
Point Piper,668
Point Wolstoncroft,0
Pointer Mountain,4
Pokolbin,460
Pola Creek,30
Polo Flat,18
Pomeroy,43
Pomona (NSW),81
Ponto,26
Pooncarie,97
Port Botany,0
Port Hacking,528
Port Kembla,2608
Port Macquarie,19434
Port Stephens,0
Porters Creek,0
Porters Retreat,25
Portland (NSW),1119
Possum Brush,68
Possum Creek,155
Potato Point,50
Pottery Estate,61
Potts Hill,585
Potts Point,7845
Pottsville,3016
Prairiewood,1633
Premer,39
Prestons,8394
Pretty Beach (Central Coast - NSW),147
Pretty Beach (Shoalhaven - NSW),0
Pretty Pine,41
Primbee,835
Primrose Valley,81
Prospect (NSW),2564
Pucawan,11
Puddledock,19
Pulganbar,6
Pullabooka,25
Pulletop,45
Pumpenbil,99
Punchbowl (Canterbury-Bankstown - NSW),11008
Punchbowl (Clarence Valley - NSW),0
Purfleet,65
Purlewaugh,52
Putney,2093
Putta Bucca,104
Putty,81
Pyangle,15
Pymble,5605
Pyramul,34
Pyree,56
Pyrmont,9617
Quaama,132
Quakers Hill,15375
Quambone,84
Quanda,5
Quandary,19
Quandialla,87
Queanbeyan,3740
Queanbeyan East,2563
Queanbeyan West,1855
Queens Park (NSW),1671
Queens Pinch,12
Queenscliff (NSW),2355
Quialigo,120
Quidong,3
Quiera,0
Quipolly,90
Quirindi,1546
Quorrobolong,280
Raby,3350
Raglan (NSW),585
Rainbow Flat,288
Rainbow Reach,44
Raleigh,306
Ramornie,90
Ramsgate,587
Ramsgate Beach,838
Rand,86
Randwick,19420
Rangari,16
Rangers Valley,16
Rankin Park,1169
Rankins Springs,96
Rannock,30
Rappville,71
Rathmines,878
Ravensdale,32
Ravenswood (NSW),214
Ravensworth (NSW),9
Rawdon Island,41
Rawdon Vale,10
Raworth,922
Rawsonville,23
Raymond Terrace,6507
Razorback,557
Red Head,201
Red Hill (Snowy Valleys - NSW),0
Red Hill (Tamworth Regional - NSW),4
Red Hill (Warren - NSW),4
Red Range,96
Red Rock,198
Red Rocks,0
Redbank (NSW),166
Redbournberry,131
Reddestone,26
Redfern,9836
Redhead,1584
Redlands,17
Reedy Creek (NSW),90
Reedy Swamp,36
Reefton (NSW),23
Regents Park (NSW),2748
Regentville,440
Reids Flat,46
Reidsdale,57
Rennie,24
Renwick,293
Repentance Creek,58
Repton,329
Reserve Creek,67
Retreat (NSW),30
Revesby,7665
Revesby Heights,902
Rhine Falls,16
Rhodes,9458
Richlands (NSW),18
Richmond (NSW),2854
Richmond Hill (NSW),371
Richmond Lowlands,26
Richmond Vale,49
Rileys Hill,84
Ringwood (NSW),16
Riverlea,23
Riverside (NSW),155
Riverstone,4030
Rivertree,5
Riverview (NSW),1463
Riverwood,6662
Rixs Creek,13
Rob Roy,31
Robertson (NSW),861
Robin Hill,438
Rock Flat,30
Rock Forest,96
Rock Valley,132
Rockdale,10568
Rockley,102
Rockley Mount,42
Rockton,14
Rocky Creek (Gwydir - NSW),22
Rocky Creek (Inverell - NSW),6
Rocky Glen,32
Rocky Hall,22
Rocky Plain (NSW),32
Rocky Point (NSW),133
Rocky River (Tenterfield - NSW),12
Rocky River (Uralla - NSW),128
Rodd Point,697
Rollands Plains,79
Rookhurst,25
Rookwood (NSW),3
Rooty Hill,7996
Ropers Road,0
Ropes Crossing,3528
Rose Bay (NSW),5501
Rose Valley (Kiama - NSW),31
Rose Valley (Snowy Monaro Regional - NSW),10
Rosebank,195
Roseberg,11
Roseberry,30
Roseberry Creek,15
Rosebery (NSW),6571
Rosebrook (NSW),36
Rosedale (NSW),81
Rosehill (NSW),2755
Roselands,6107
Rosemeadow,4256
Rosemeath,10
Roseville,5114
Roseville Chase,787
Rosewood (Port Macquarie-Hastings - NSW),126
Rosewood (Snowy Valleys - NSW),101
Roslyn,43
Rossglen,22
Rossgole,0
Rossi,55
Rossmore (NSW),1143
Roto,21
Rouchel,89
Rouchel Brook,17
Roughit,52
Round Mountain,79
Round Swamp,5
Rous,89
Rous Mill,102
Rouse Hill,4330
Rowan,37
Rowena,98
Rowlands Creek,34
Royal National Park,18
Royalla,538
Rozelle,5596
Ruby Creek,27
Rufus,14
Rugby,39
Rukenvale,13
Run-o-Waters,206
Running Stream,65
Runnyford,11
Ruse,2834
Rushcutters Bay,1902
Rushes Creek,43
Rushforth,104
Russell Lea,2638
Russell Vale,759
Rutherford,6101
Ruthven,53
Ryan (NSW),7
Rydal,99
Rydalmere,3758
Ryde,15678
Rye Park,105
Ryhope,19
Rylstone,397
Sackville,178
Sackville North,156
Saddleback Mountain,29
Sadleir,1549
Safety Beach (NSW),411
Salamander Bay,1865
Salisbury (NSW),21
Salisbury Plains,44
Sallys Flat,5
Salt Ash,559
Saltwater,6
San Isidore,195
San Remo (NSW),2192
Sancrox,278
Sanctuary Point,3024
Sandbar,0
Sandgate (NSW),91
Sandigo,42
Sandilands (NSW),3
Sandon (NSW),7
Sandringham (NSW),610
Sandy Beach,1163
Sandy Creek (Cobar - NSW),10
Sandy Creek (Upper Hunter Shire - NSW),11
Sandy Crossing,16
Sandy Flat,37
Sandy Gully (NSW),8
Sandy Hill,14
Sandy Hollow,87
Sandy Point (NSW),345
Sanger,3
Sans Souci,5145
Sapphire,28
Sapphire Beach,1029
Saratoga,1926
Sassafras (NSW),14
Saumarez,42
Saumarez Ponds,212
Savernake,49
Sawpit Creek,0
Sawtell,1702
Sawyers Gully,282
Scarborough (NSW),171
Scheyville,5
Schofields,2866
Scone,2750
Scotia,18
Scotland Island,295
Scotts Creek (NSW),13
Scotts Flat,26
Scotts Head,402
Seaforth (NSW),3599
Seaham,532
Seahampton,162
Seal Rocks,12
Sebastopol (NSW),34
Sedgefield,94
Seelands,213
Sefton,3044
Segenhoe,122
Seven Hills (NSW),10584
Seven Oaks,32
Sextonville,11
Shadforth (NSW),47
Shallow Bay,17
Shalvey,1710
Shanes Park,218
Shannon Brook,86
Shannon Vale,66
Shannondale,40
Shannons Flat,29
Shark Creek,16
Sharps Creek,8
Sheedys Gully,36
Shell Cove,2882
Shellharbour,1831
Shellharbour City Centre,56
Shelly Beach (NSW),600
Sherwood (Clarence Valley - NSW),29
Sherwood (Kempsey - NSW),72
Sherwood (Kyogle - NSW),8
Shoal Bay (NSW),684
Shoalhaven Heads,1175
Shooters Hill,21
Shortland,2202
Silent Grove,7
Silverdale (NSW),1996
Silverton (NSW),24
Silverwater (Lake Macquarie - NSW),135
Silverwater (Parramatta - NSW),3263
Simpkins Creek,8
Singleton (NSW),2605
Singleton Heights,2579
Singleton Military Area,199
Singletons Mill,3
Six Mile Swamp,0
Skennars Head,508
Skillion Flat,43
Skinners Shoot,80
Sleepy Hollow,63
Smeaton Grange,11
Smithfield (NSW),6164
Smiths Creek (Clarence Valley - NSW),7
Smiths Creek (Kyogle - NSW),29
Smiths Creek (Tweed - NSW),149
Smiths Lake,515
Smithtown,269
Snakes Plain,3
Snowball,0
Snowy Plain,0
Sodwalls,32
Sofala,32
Soldiers Point,578
Somersby,546
Somerton (NSW),139
South Albury,835
South Arm (Clarence Valley - NSW),106
South Arm (Nambucca - NSW),146
South Ballina,19
South Bathurst,758
South Bowenfels,507
South Coogee,2785
South Durras,153
South Golden Beach,469
South Grafton,2739
South Granville,2849
South Gundagai,388
South Gundurimba,148
South Guyra,173
South Hurstville,2810
South Kempsey,1094
South Lismore,1005
South Littleton,150
South Maitland,242
South Maroota,296
South Murwillumbah,517
South Nowra,982
South Pambula,244
South Penrith,6035
South Tamworth,3207
South Turramurra,1402
South Wentworthville,3517
South West Rocks,1688
South Windsor,3256
South Wolumla,88
Southampton (NSW),9
Southgate,107
Speers Point,1652
Speewa,45
Spencer,161
Spicers Creek,35
Spicketts Creek,19
Splitters Creek,126
Spring Creek (NSW),63
Spring Farm (NSW),2573
Spring Flat,93
Spring Grove,200
Spring Hill (Cabonne - NSW),243
Spring Hill (Wollongong - NSW),0
Spring Mountain (NSW),7
Spring Plains,41
Spring Ridge,133
Spring Terrace,59
Springdale (NSW),70
Springdale Heights,977
Springfield (Central Coast - NSW),2181
Springfield (Snowy Monaro Regional - NSW),21
Springrange,153
Springside (NSW),140
Springvale (Lithgow - NSW),20
Springvale (Wagga Wagga - NSW),873
Springwood (NSW),3898
St Albans (NSW),59
St Andrews (NSW),3231
St Clair (Penrith - NSW),11348
St Clair (Singleton - NSW),3
St Fillans,106
St George (NSW),0
St Georges Basin,1161
St Helens Park,3697
St Huberts Island,438
St Ives (NSW),8223
St Ives Chase,1485
St Johns Park,3145
St Leonards (NSW),4321
St Marys (NSW),6871
St Peters (NSW),2330
Stanborough,33
Stanbridge,100
Stanford Merthyr,272
Stanhope (NSW),74
Stanhope Gardens,5067
Stanmore (NSW),5395
Stannifer,38
Stannum,27
Stanwell Park,749
Stanwell Tops,263
State Mine Gully,12
Steam Plains,0
Steeple Flat,14
Stewarts Brook,14
Stewarts River,51
Stockinbingal,152
Stockrington,38
Stockton (NSW),2133
Stockyard Creek (NSW),24
Stokers Siding,336
Stonehenge (NSW),57
Stonequarry,10
Stony Chute,83
Stony Creek (Bega Valley - NSW),71
Stony Creek (Mid-Western Regional - NSW),31
Stony Crossing,4
Stotts Creek,0
Stratford (NSW),69
Strathcedar,39
Stratheden,107
Strathfield (NSW),16396
Strathfield South,2044
Stroud,410
Stroud Hill,14
Stroud Road,116
Stuart Town,106
Stuarts Point,348
Stubbo,98
Stud Park,30
Suffolk Park,2193
Sugarloaf (NSW),29
Summer Hill (Dungog - NSW),29
Summer Hill (Inner West - NSW),4786
Summer Hill Creek,102
Summer Island,47
Summerland Point,1128
Sun Valley (NSW),101
Sunny Corner,44
Sunset Strip (NSW),39
Sunshine (NSW),162
Sunshine Bay,435
Suntop,34
Surf Beach (NSW),726
Surfside,581
Surry Hills,13261
Sussex Inlet,1239
Sutherland (NSW),6541
Sutton (NSW),830
Sutton Forest,211
Swan Bay (Port Stephens - NSW),139
Swan Bay (Richmond Valley - NSW),107
Swan Creek (NSW),52
Swan Vale,15
Swanbrook,3
Swanhaven,66
Swans Crossing,0
Swansea (NSW),2191
Swansea Heads,305
Sweetmans Creek,26
Sydenham (NSW),784
Sydney,14423
Sydney Olympic Park,1424
Sylvania,4874
Sylvania Waters,1625
Tabbil Creek,23
Tabbimoble,14
Tabbita,41
Table Top,719
Tabulam,223
Tacoma,336
Tacoma South,121
Tahlee,8
Tahmoor,2574
Talarm,108
Talawanta,19
Talbingo,93
Tallawang,72
Tallimba,80
Tallong,365
Tallowal,0
Tallowwood Ridge,20
Tallwood,30
Tallwoods Village,254
Talmalmo,27
Talofa,67
Taloumbi,52
Tamarama,1121
Tamban,48
Tambar Springs,96
Tambaroora,14
Taminda,31
Tamworth,108
Tanglewood,51
Tanilba Bay,1362
Tanja,71
Tannabar,32
Tannas Mount,23
Tantangara,0
Tantawangalo,76
Tantonan,15
Tapitallee,289
Tara (NSW),8
Taradale (NSW),14
Tarago,223
Taralga,202
Tarana,76
Tarban,3
Tarbuck Bay,85
Tarcutta,218
Taree,7076
Taree South,141
Taren Point,614
Tarlo,77
Tarraganda,152
Tarrawanna,949
Tarriaro,48
Tarro,753
Tascott,845
Tatham,114
Tathra,757
Tatton,1306
Taylors Arm,79
Taylors Beach (NSW),58
Taylors Flat,36
Tea Gardens,766
Telarah,1238
Telegraph Point,328
Telopea,3107
Temagog,112
Temora,2025
Tempe,2119
Ten Mile Hollow,0
Tenambit,1436
Tenandra,43
Tennyson (NSW),185
Tennyson Point,624
Tenterden (NSW),10
Tenterfield,1588
Teralba,779
Terania Creek,96
Terara,100
Teridgerie,26
Termeil,129
Terrabella,4
Terrace Creek,17
Terragon,44
Terramungamine,148
Terranora,1439
Terreel,0
Terrey Hills,1454
Terrigal,5675
Terry Hie Hie,35
Teven,140
Tewinga,43
Texas (NSW),20
Thalgarrah,93
Tharbogang,252
The Angle,35
The Bight,39
The Branch,44
The Brothers,19
The Channon,198
The Devils Wilderness,0
The Entrance,1947
The Entrance North,746
The Freshwater,4
The Gap (Richmond Valley - NSW),0
The Gap (Wagga Wagga - NSW),38
The Glen (NSW),0
The Gulf,0
The Hatch,19
The Hill,1338
The Junction,615
The Lagoon,106
The Marra,33
The Meadows,0
The Oaks,1283
The Pilliga,0
The Pinnacles,37
The Pocket,136
The Ponds,6784
The Ridgeway,73
The Risk,31
The Rock,553
The Rocks (Bathurst Regional - NSW),23
The Rocks (Sydney - NSW),547
The Sandon,4
The Slopes,175
The Whiteman,65
Theresa Creek (NSW),34
Theresa Park,263
Thirldene,3
Thirlmere,1927
Thirroul,3099
Thora,151
Thornleigh,4439
Thornton (NSW),4412
Thrumster,224
Thuddungra,64
Thule,16
Thumb Creek,13
Thurgoona,4554
Thyra,7
Tianjara,0
Tibbuc,10
Tibooburra,86
Tichborne,45
Tichular,0
Tighes Hill,1023
Tilba Tilba,40
Tilbuster,29
Tilligerry Creek,0
Tilpa,26
Timbarra (NSW),14
Timbillica,3
Timbumburi,83
Timor (NSW),32
Tindarey,18
Tinderry,27
Tingha,355
Tingira Heights,1123
Tinonee,507
Tinpot,6
Tintenbar,366
Tintinhull,169
Tiona,0
Tipperary (NSW),17
Tiri,0
Tirrannaville,112
Titaatee Creek,6
Tocal (NSW),13
Tocumwal,986
Tolland,1650
Tolwong,0
Tomago,142
Tomakin,406
Tomalla,12
Tombong,6
Tomboye,16
Tomerong,515
Tomewin,60
Tomingley,142
Tomki,24
Toms Creek,20
Tonderburine,34
Tongarra,57
Toogong,30
Tooleybuc,121
Toolijooa,56
Tooloom,8
Tooloon,26
Tooma,59
Toongabbie (NSW),8129
Toongi,33
Toonumbar,14
Tooranie,5
Tooraweenah,106
Toormina,2768
Toorooka,31
Toothdale,86
Tootool,27
Toowoon Bay,218
Topi Topi,21
Toronto,2405
Torrington (NSW),35
Torryburn (Dungog - NSW),76
Torryburn (Uralla - NSW),16
Totnes Valley,16
Tottenham (NSW),198
Touga,0
Toukley,1988
Towallum,0
Towamba,96
Townsend,388
Towradgi,1600
Towrang,77
Tralee,0
Trangie,528
Tregeagle,217
Tregear,1883
Trenayr,40
Trentham Cliffs,29
Trewilga,18
Triamble,9
Triangle Flat,25
Trundle,305
Trungley Hall,43
Trunkey Creek,55
Tubbamurra,6
Tubbul,31
Tucabia,180
Tucki Tucki,80
Tuckombil,108
Tuckurimba,53
Tuena,17
Tuggerah,515
Tuggerawong,659
Tugrabakh,29
Tullakool,39
Tullamore,183
Tullarwalla,0
Tullera,149
Tullibigeal,106
Tullimbar,274
Tulloona,25
Tullymorgan,69
Tumbarumba,872
Tumbi Umbi,2392
Tumblong,89
Tumbulgum,225
Tumorrama,18
Tumut,2927
Tumut Plains,22
Tuncester,30
Tuncurry,2065
Tunglebung,8
Tuntable Creek,110
Tuppal,4
Tura Beach,1122
Turill,57
Turlinjah,81
Turners Flat,79
Turondale,45
Tuross,8
Tuross Head,820
Turramurra,5808
Turrawan,40
Turrella,1648
Turvey Park,1756
Tweed Heads,3431
Tweed Heads South,3089
Tweed Heads West,2717
Twelve Mile,13
Twelve Mile Creek,94
Twelve Mile Peg,0
Twenty Forests,0
Twin Rivers,15
Two Mile Flat,52
Tyagarah,89
Tyalgum,264
Tyalgum Creek,43
Tygalgah,55
Tyndale,80
Tyringham,40
Uarbry,21
Uki,355
Ulamambri,89
Ulan,36
Ulladulla,2680
Ulmarra,331
Ulong,115
Ultimo,7230
Umina Beach,8010
Unanderra,2512
Underbank,14
Undercliffe,8
Ungarie,239
Unumgar,4
Upper Allyn,4
Upper Bingara,9
Upper Burringbar,146
Upper Bylong,0
Upper Colo,34
Upper Coopers Creek,32
Upper Copmanhurst,35
Upper Corindi,80
Upper Crystal Creek,87
Upper Dartbrook,78
Upper Duck Creek,4
Upper Duroby,53
Upper Eden Creek,19
Upper Fine Flower,15
Upper Growee,0
Upper Horseshoe Creek,52
Upper Horton,75
Upper Kangaroo River,39
Upper Kangaroo Valley,0
Upper Karuah River,0
Upper Lansdowne,271
Upper Macdonald,12
Upper Main Arm,121
Upper Mangrove,0
Upper Manilla,61
Upper Mongogarie,13
Upper Myall,16
Upper Nile,6
Upper Orara,401
Upper Pappinbarra,33
Upper Rollands Plains,59
Upper Rouchel,39
Upper Taylors Arm,54
Upper Tooloom,18
Upper Turon,9
Upper Wilsons Creek,38
Upsalls Creek,54
Uralba,94
Uralla (NSW),1242
Urana,173
Urangeline,8
Urangeline East,9
Uranquinty,464
Urawilkie,4
Urbenville,131
Uriarra,12
Urila,78
Urliup,82
Urunga,1243
Utungun,70
Vacy,313
Vale Of Clwydd,251
Valentine,2628
Valery,64
Valla,469
Valla Beach,542
Valley Heights,572
Varroville,48
Vaucluse,4601
Verges Creek,108
Verona,150
Villawood,3309
Vincentia,1476
Vineyard,532
Violet Hill,0
Vittoria (NSW),33
Voyager Point,967
Wadalba,1511
Wadbilliga,0
Wadeville,76
Wagga Wagga,4070
Wagstaffe,95
Wahroonga,8247
Waitara,3566
Waitui,49
Wakefield,79
Wakeley,2502
Wakool,127
Walang,38
Walbundrie,75
Walcha,1109
Walcha Road,20
Waldegrave,10
Walgett,1152
Walla Walla,358
Wallabadah,193
Wallabi Point,329
Wallacetown,0
Wallacia,830
Wallaga Lake,174
Wallagoot,255
Wallalong,536
Wallamore,65
Wallanbah,44
Wallangra,45
Wallanthery,20
Wallarah,183
Wallaringa,6
Wallarobba,81
Wallaroo (NSW),336
Wallendbeen,119
Wallerawang,958
Walleroobie,29
Wallingat,0
Wallis Lake,0
Wallsend,6444
Walmer (NSW),19
Wamban,44
Wambangalang,52
Wamberal,3296
Wamboin,898
Wambool,19
Wambrook,21
Wanaaring,69
Wandandian,161
Wandella (NSW),73
Wandera,3
Wandook,22
Wandsworth,47
Wang Wauk,46
Wanganella,44
Wanganui,25
Wangi Wangi,1184
Wantabadgery,84
Wantagong,27
Wantiool,17
Wapengo,24
Warabrook,1019
Waratah (NSW),2466
Waratah West,1780
Warburn,51
Wardell,384
Wardrop Valley,45
Wards Mistake,8
Wards River,75
Wareemba,821
Warialda,676
Warialda Rail,55
Warilla,3031
Warkworth,30
Warners Bay,3523
Warnervale,332
Warrabah,0
Warraderry,33
Warragai Creek,53
Warragamba,663
Warragoon,59
Warrah,24
Warrah Creek,42
Warrah Ridge,43
Warral,185
Warranulla,17
Warrawee,1543
Warrawidgee,38
Warrawong,2285
Warrazambil Creek,8
Warregah Island,10
Warrell Creek,111
Warren,642
Warri,66
Warriewood,3800
Warrimoo,1312
Warroo (NSW),72
Warrumbungle,3
Warwick Farm,3587
Washpool (Clarence Valley - NSW),0
Washpool (Mid-Coast - NSW),13
Watagan,56
Watanobbi,2067
Waterfall,239
Waterloo (NSW),10654
Watersleigh,11
Waterview,38
Waterview Heights,602
Watsons Bay,451
Watsons Creek (NSW),58
Wattamolla,24
Wattamondara,103
Wattle Flat (NSW),115
Wattle Grove (NSW),5142
Wattle Ponds,588
Wattle Ridge (NSW),0
Wattle Springs,32
Watton,43
Wauchope,2687
Waugorah,8
Waukivory,38
Waverley (NSW),2353
Waverly,27
Waverton,1910
Way Way,121
Wayo,71
Weabonga,24
Wean,16
Webbers Creek,13
Webbs Creek,27
Wedderburn (NSW),331
Wee Jasper,42
Wee Waa,1025
Weedallion,8
Weemelah,41
Weetaliba,29
Weethalle,116
Weilmoringle,36
Weismantels,11
Welaregang,17
Welby,363
Wellingrove,45
Wellington (NSW),1774
Wellington Vale,21
Wells Crossing,91
Wendoree Park,70
Wentworth (NSW),557
Wentworth Falls,2573
Wentworth Point,5496
Wentworthville,6798
Werai,33
Wereboldera,0
Wermatong,24
Werombi,465
Werri Beach,256
Werrikimbe,0
Werrington,2337
Werrington County,1935
Werrington Downs,1852
Werris Creek,687
West Albury,1742
West Ballina,1195
West Bathurst,1852
West Bungawalbin,33
West Coraki,53
West Gosford,637
West Haven,295
West Hoxton,5613
West Kempsey,2095
West Nowra,791
West Pennant Hills,8382
West Pymble,2550
West Ryde,8330
West Tamworth,2633
West Wallsend,1117
West Wiangaree,61
West Wollongong,2732
West Wyalong,1385
Westbrook (NSW),75
Westdale (Snowy Valleys - NSW),0
Westdale (Tamworth Regional - NSW),1478
Westleigh,2102
Westmead,10263
Weston (NSW),1844
Westwood (NSW),0
Wetherill Park,3193
Wetuppa,3
Whalan,2902
Whale Beach,105
Wheeler Heights,1451
Wheeny Creek,18
Wheeo,30
Wherrol Flat,156
Whian Whian,65
Whiporie,37
White Cliffs,54
White Rock (NSW),333
Whitebridge,1321
Whiteman Creek,77
Whitlow,30
Whittingham,170
Whitton,249
Whoota,32
Wiagdon,15
Wiangaree,58
Wiarborough,5
Wickham (NSW),739
Widden,50
Widgelli,27
Wilberforce (NSW),1659
Wilbetree,15
Wilcannia,399
Wild Cattle Creek,0
Wildes Meadow,117
Wiley Park,5992
Willala,35
Willawarrin,91
Willbriggie,69
Willi Willi,16
Williamsdale,31
Williamtown,463
Willigobung,27
Willina,27
Willmot,1156
Willoughby (NSW),3496
Willoughby East,895
Willow Tree,125
Willow Vale (Kiama - NSW),38
Willow Vale (Wingecarribee - NSW),357
Willurah,0
Wilpinjong,0
Wilsons Creek,218
Wilton (NSW),1730
Wimbledon,57
Wimborne,12
Winburndale,0
Windale,1649
Windang,1108
Windella,393
Windellama,151
Windera (NSW),153
Windermere (NSW),27
Windermere Park,344
Windeyer (NSW),100
Windowie,14
Windradyne,1427
Windsor (NSW),986
Windsor Downs,682
Windy,0
Winegrove,12
Wingadee,10
Wingello,272
Wingen,165
Wingham,2364
Winifred,12
Winmalee,3050
Winston Hills,5655
Winton (NSW),121
Wirlinga,64
Wirraba,0
Wirragulla,9
Wirrimah,30
Wirrimbi,38
Wirrinya,40
Wisemans Creek,59
Wisemans Ferry,110
Wittitrin,54
Wog Wog (Bega Valley - NSW),0
Wog Wog (Queanbeyan-Palerang Regional - NSW),11
Woko,5
Wolgan Valley,58
Wollangambe,0
Wollar,43
Wollemi,0
Wolli Creek,5430
Wollogorang,32
Wollombi,71
Wollomombi,58
Wollongbar,1358
Wollongong,11540
Wollstonecraft,5508
Wollumboola,16
Wollun,30
Wolumla,325
Wombarra,465
Wombat,101
Wombat Creek (NSW),0
Wombeyan Caves,22
Womboota,58
Womerah,0
Wonboyn,34
Wonboyn North,0
Wondabyne,3
Wondalga,44
Wongarbon,382
Wongawilli,89
Wongo Creek,11
Wongwibinda,31
Woodberry,1554
Woodbine (NSW),1417
Woodburn (Richmond Valley - NSW),345
Woodburn (Shoalhaven - NSW),28
Woodcroft (NSW),3777
Woodenbong,168
Woodford (NSW),978
Woodford Island,117
Woodhill (NSW),23
Woodhouselee,13
Woodlands (Eurobodalla - NSW),33
Woodlands (Wingecarribee - NSW),130
Woodlawn,19
Woodpark,789
Woodrising,670
Woodside (NSW),18
Woodsreef,31
Woodstock (Cowra - NSW),295
Woodstock (Inverell - NSW),20
Woodstock (Shoalhaven - NSW),111
Woodview,70
Woodville (NSW),193
Woody Head,0
Woolbrook,84
Woolgarlo,10
Woolgoolga,2437
Wooli,156
Woollahra,4083
Woollamia,264
Woolloomooloo,2989
Woolners Arm,5
Woolomin,132
Woolooma,23
Woolooware,2064
Wooloweyah,223
Woolwich,348
Woomargama,77
Woombah,327
Woongarrah,2559
Woonona,6037
Wootton,98
Wooyung,58
Worlds End (NSW),3
Woronora,1161
Woronora Dam,3
Woronora Heights,1604
Worrigee,2568
Worrowing Heights,38
Woy Woy,4829
Woy Woy Bay,222
Wrathall,8
Wrights Beach,52
Wrights Creek (NSW),13
Wuuluman,679
Wyalong,348
Wyan,17
Wyanbene,14
Wyangala,79
Wyangle,23
Wybong,68
Wybung,0
Wyee,1108
Wyee Point,543
Wylie Creek,6
Wylies Flat,33
Wymah,13
Wyndham (NSW),193
Wyneden,24
Wyoming,4649
Wyong,2094
Wyong Creek,229
Wyongah,1069
Wyrallah,221
Yabbra,8
Yadboro,6
Yagon,0
Yagoona,9363
Yalbraith,7
Yallah,83
Yallaroi,70
Yalwal,0
Yamba (NSW),2278
Yambulla,0
Yanco,316
Yanderra,357
Yanga,21
Yankees Creek,0
Yannergee,20
Yantabulla,16
Yaouk,5
Yarara,11
Yarra,92
Yarrabandai,22
Yarrabin,32
Yarragal,6
Yarragrin,7
Yarragundry,33
Yarrahapinni,76
Yarramalong,185
Yarraman (NSW),8
Yarramundi,449
Yarranbella,83
Yarrangobilly,0
Yarras (Bathurst Regional - NSW),6
Yarras (Port Macquarie-Hastings - NSW),35
Yarratt Forest,0
Yarravel,515
Yarrawa,44
Yarrawarrah,1396
Yarrawonga (NSW),218
Yarrawonga Park,184
Yarrie Lake,38
Yarrow,7
Yarrowford,29
Yarrowitch,82
Yarrowyck,50
Yass,3122
Yass River,201
Yathella,64
Yattalunga (NSW),277
Yatte Yattah,81
Yaven Creek,24
Yelgun,51
Yellow Dam,8
Yellow Pinch,20
Yellow Rock (Blue Mountains - NSW),556
Yellow Rock (Shellharbour - NSW),106
Yenda (NSW),791
Yengo National Park,0
Yennora,774
Yeoval,193
Yerong Creek,161
Yerranderie,3
Yerrinbool,595
Yerriyong,12
Yessabah,41
Yetholme,123
Yetman,89
Yippin Creek,88
Yoogali,615
Yorklea,189
Young,4648
Yowie Bay,1454
Yowrie,58
Yullundry,7
Yuraygir,0
Zara,43
Zetland,8058
No usual address (NSW),8609
Migratory - Offshore - Shipping (NSW),157
Total,4007787